Workbook

Sheet Stars
A1: star_name | B1: has_planets | C1: planet_count | D1: planet_count_override | E1: confirmed_exoplanet_count | F1: distance_ly | G1: planet_names | H1: notes | I1: hyg_id | J1: nasa_hosts | K1: match_method | L1: controversial_planet_count | M1: distance_pc | N1: spectral_type | O1: hyg_luminosity_solar | P1: apparent_magnitude | Q1: hip | R1: hd | S1: hr | T1: gliese | U1: bayer_flamsteed | V1: proper_name | W1: ra_deg_j2000 | X1: dec_deg_j2000 | Y1: x_ly | Z1: y_ly | AA1: z_ly | AB1: component | AC1: primary_hyg_id | AD1: archive_planet_count | AE1: solar_system_planet_count | AF1: x_pc | AG1: y_pc | AH1: z_pc | AI1: system_id | AJ1: faction_owners
A2: Sol | B2: =IF(C2>0,"Yes",IF(D2="","Unknown","No")) | C2: =IF(D2="",E2+8,D2) | E2: =COUNTIFS(Planets!$C:$C,I2,Planets!$E:$E,1) | F2: 0 | G2: Mercury; Venus; Earth; Mars; Jupiter; Saturn; Uranus; Neptune | H2: Sol: 8 Solar System planets; outside NASA exoplanet export. | I2: 0 | L2: 0 | M2: 0 | N2: G2V | O2: 1 | P2: -26.7 | V2: Sol | W2: 0 | X2: 0 | Y2: 0 | Z2: 0 | AA2: 0 | AB2: 1 | AC2: 0 | AD2: 0 | AE2: 8 | AF2: 0 | AG2: 0 | AH2: 0 | AI2: hyg:0
A3: Proxima Centauri | B3: =IF(C3>0,"Yes",IF(D3="","Unknown","No")) | C3: =IF(D3="",E3+0,D3) | E3: =COUNTIFS(Planets!$C:$C,I3,Planets!$E:$E,1) | F3: 4.2266605 | G3: Proxima Cen b; Proxima Cen d | I3: 70666 | J3: Proxima Cen | K3: verified alias | L3: 0 | M3: 1.2959 | N3: M5Ve | O3: 5.7703214e-05 | P3: 11.01 | Q3: 70890 | T3: Gl 551 | V3: Proxima Centauri | W3: 217.43977 | X3: -62.679485 | Y3: -1.5403192 | Z3: -1.1788955 | AA3: -3.7547742 | AB3: 1 | AC3: 70666 | AD3: 2 | AE3: 0 | AF3: -0.472264 | AG3: -0.361451 | AH3: -1.151219 | AI3: hyg:70666
A4: Toliman | B4: =IF(C4>0,"Yes",IF(D4="","Unknown","No")) | C4: =IF(D4="",E4+0,D4) | E4: =COUNTIFS(Planets!$C:$C,I4,Planets!$E:$E,1) | F4: 4.3209197 | I4: 71453 | L4: 0 | M4: 1.3248 | N4: K1V | O4: 0.44096082 | P4: 1.35 | Q4: 71681 | R4: 128621 | S4: 5460 | T4: Gl 559B | U4: Alp2Cen | V4: Toliman | W4: 219.90519 | X4: -60.8383 | Y4: -1.6150644 | Z4: -1.3501993 | AA4: -3.772566 | AB4: 2 | AC4: 71456 | AD4: 0 | AE4: 0 | AF4: -0.495181 | AG4: -0.413973 | AH4: -1.156674 | AI4: hyg:71456
A5: Rigil Kentaurus | B5: =IF(C5>0,"Yes",IF(D5="","Unknown","No")) | C5: =IF(D5="",E5+0,D5) | E5: =COUNTIFS(Planets!$C:$C,I5,Planets!$E:$E,1) | F5: 4.3209197 | I5: 71456 | L5: 0 | M5: 1.3248 | N5: G2V | O5: 1.5431211 | P5: -0.01 | Q5: 71683 | R5: 128620 | S5: 5459 | T5: Gl 559A | U5: Alp1Cen | V5: Rigil Kentaurus | W5: 219.91147 | X5: -60.833976 | Y5: -1.6151362 | Z5: -1.3505614 | AA5: -3.7724062 | AB5: 1 | AC5: 71456 | AD5: 0 | AE5: 0 | AF5: -0.495203 | AG5: -0.414084 | AH5: -1.156625 | AI5: hyg:71456
A6: Barnard's Star | B6: =IF(C6>0,"Yes",IF(D6="","Unknown","No")) | C6: =IF(D6="",E6+0,D6) | E6: =COUNTIFS(Planets!$C:$C,I6,Planets!$E:$E,1) | F6: 5.94844 | G6: Barnard b; Barnard c; Barnard d; Barnard e | I6: 87665 | J6: Barnard's star | K6: catalog identifier | L6: 0 | M6: 1.8238 | N6: sdM4 | O6: 0.00044258837 | P6: 9.54 | Q6: 87937 | T6: Gl 699 | V6: Barnard's Star | W6: 269.45208 | X6: 4.693388 | Y6: -0.056663148 | Z6: -5.9249992 | AA6: 0.48637418 | AB6: 1 | AC6: 87665 | AD6: 4 | AE6: 0 | AF6: -0.017373 | AG6: -1.816613 | AH6: 0.149123 | AI6: hyg:87665
A7: Wolf 359 | B7: =IF(C7>0,"Yes",IF(D7="","Unknown","No")) | C7: =IF(D7="",E7+0,D7) | E7: =COUNTIFS(Planets!$C:$C,I7,Planets!$E:$E,1) | F7: 7.7970944 | I7: 118720 | L7: 0 | M7: 2.3906 | N7: M6 | O7: 2.0758693e-05 | P7: 13.45 | T7: Gl 406 | V7: Wolf 359 | W7: 164.12226 | X7: 7.01532 | Y7: -7.4455337 | Z7: 2.1178443 | AA7: 0.95256253 | AB7: 1 | AC7: 118720 | AD7: 0 | AE7: 0 | AF7: -2.282811 | AG7: 0.649334 | AH7: 0.292057 | AI7: hyg:118720
A8: Lalande 21185 | B8: =IF(C8>0,"Yes",IF(D8="","Unknown","No")) | C8: =IF(D8="",E8+0,D8) | E8: =COUNTIFS(Planets!$C:$C,I8,Planets!$E:$E,1) | F8: 8.3068768 | G8: GJ 411 b; HD 95735 c | H8: GJ 411: Catalog distances differ by >20%; HYG controls selection. | I8: 53879 | J8: GJ 411 | K8: catalog identifier | L8: 0 | M8: 2.5469 | N8: M2V | O8: 0.0057016427 | P8: 7.49 | Q8: 54035 | R8: 95735 | T8: Gl 411 | V8: Lalande 21185 | W8: 165.83448 | X8: 35.969877 | Y8: -6.5166044 | Z8: 1.6448229 | AA8: 4.8776817 | AB8: 1 | AC8: 53879 | AD8: 2 | AE8: 0 | AF8: -1.998 | AG8: 0.504305 | AH8: 1.495504 | AI8: hyg:53879
A9: Gl 65A | B9: =IF(C9>0,"Yes",IF(D9="","Unknown","No")) | C9: =IF(D9="",E9+0,D9) | E9: =COUNTIFS(Planets!$C:$C,I9,Planets!$E:$E,1) | F9: 8.5671496 | I9: 118079 | L9: 0 | M9: 2.6267 | N9: dM5.5e | O9: 5.6337815e-05 | P9: 12.57 | T9: Gl 65A | W9: 24.752985 | X9: -17.949782 | Y9: 7.4053773 | Z9: 3.4147594 | AA9: -2.641746 | AB9: 1 | AC9: 118079 | AD9: 0 | AE9: 0 | AF9: 2.270499 | AG9: 1.04697 | AH9: -0.809963 | AI9: hyg:118079
A10: Gl 65B | B10: =IF(C10>0,"Yes",IF(D10="","Unknown","No")) | C10: =IF(D10="",E10+0,D10) | E10: =COUNTIFS(Planets!$C:$C,I10,Planets!$E:$E,1) | F10: 8.5671496 | I10: 118080 | L10: 0 | M10: 2.6267 | N10: dM5.5e | O10: 4.9980431e-05 | P10: 12.7 | T10: Gl 65B | W10: 24.752985 | X10: -17.949782 | Y10: 7.4058078 | Z10: 3.4149584 | AA10: -2.6418993 | AB10: 2 | AC10: 118079 | AD10: 0 | AE10: 0 | AF10: 2.270631 | AG10: 1.047031 | AH10: -0.81001 | AI10: hyg:118079
A11: Sirius | B11: =IF(C11>0,"Yes",IF(D11="","Unknown","No")) | C11: =IF(D11="",E11+0,D11) | E11: =COUNTIFS(Planets!$C:$C,I11,Planets!$E:$E,1) | F11: 8.6010698 | I11: 32263 | L11: 0 | M11: 2.6371 | N11: A0m... | O11: 22.824433 | P11: -1.44 | Q11: 32349 | R11: 48915 | S11: 2491 | T11: Gl 244A | U11: 9Alp CMa | V11: Sirius | W11: 101.28722 | X11: -16.716116 | Y11: -1.612266 | Z11: 8.0780161 | AA11: -2.4738472 | AB11: 1 | AC11: 32263 | AD11: 0 | AE11: 0 | AF11: -0.494323 | AG11: 2.476731 | AH11: -0.758485 | AI11: hyg:32263
A12: Gl 244B | B12: =IF(C12>0,"Yes",IF(D12="","Unknown","No")) | C12: =IF(D12="",E12+0,D12) | E12: =COUNTIFS(Planets!$C:$C,I12,Planets!$E:$E,1) | F12: 8.6010698 | I12: 118441 | L12: 0 | M12: 2.6371 | N12: DA2 | O12: 0.0025491771 | P12: 8.44 | T12: Gl 244B | W12: 101.28839 | X12: -16.71524 | Y12: -1.6124486 | Z12: 8.0782868 | AA12: -2.4737983 | AB12: 2 | AC12: 32263 | AD12: 0 | AE12: 0 | AF12: -0.494379 | AG12: 2.476814 | AH12: -0.75847 | AI12: hyg:32263
A13: Ross 154 | B13: =IF(C13>0,"Yes",IF(D13="","Unknown","No")) | C13: =IF(D13="",E13+0,D13) | E13: =COUNTIFS(Planets!$C:$C,I13,Planets!$E:$E,1) | F13: 9.6861921 | I13: 92115 | L13: 0 | M13: 2.9698 | N13: M3.5Ve | O13: 0.00054651237 | P13: 10.37 | Q13: 92403 | T13: Gl 729 | V13: Ross 154 | W13: 282.45553 | X13: -23.836232 | Y13: 1.9108948 | Z13: -8.6511479 | AA13: -3.9142777 | AB13: 1 | AC13: 92115 | AD13: 0 | AE13: 0 | AF13: 0.585883 | AG13: -2.652454 | AH13: -1.200123 | AI13: hyg:92115
A14: Ross 248 | B14: =IF(C14>0,"Yes",IF(D14="","Unknown","No")) | C14: =IF(D14="",E14+0,D14) | E14: =COUNTIFS(Planets!$C:$C,I14,Planets!$E:$E,1) | F14: 10.334591 | I14: 119585 | L14: 0 | M14: 3.1686 | N14: dM6 e | O14: 0.00010607181 | P14: 12.29 | T14: Gl 905 | V14: Ross 248 | W14: 355.47568 | X14: 44.174924 | Y14: 7.379774 | Z14: -0.58389167 | AA14: 7.1926418 | AB14: 1 | AC14: 119585 | AD14: 0 | AE14: 0 | AF14: 2.262649 | AG14: -0.179022 | AH14: 2.205274 | AI14: hyg:119585
A15: Ran | B15: =IF(C15>0,"Yes",IF(D15="","Unknown","No")) | C15: =IF(D15="",E15+0,D15) | E15: =COUNTIFS(Planets!$C:$C,I15,Planets!$E:$E,1) | F15: 10.489515 | G15: eps Eri b | I15: 16496 | J15: eps Eri | K15: catalog identifier | L15: 0 | M15: 3.2161 | N15: K2V | O15: 0.29295438 | P15: 3.72 | Q15: 16537 | R15: 22049 | S15: 1084 | T15: Gl 144 | U15: 18Eps Eri | V15: Ran | W15: 53.23272 | X15: -9.458262 | Y15: 6.1936118 | Z15: 8.289023 | AA15: -1.7238115 | AB15: 1 | AC15: 16496 | AD15: 1 | AE15: 0 | AF15: 1.89897 | AG15: 2.541426 | AH15: -0.528523 | AI15: hyg:16496
A16: Lacaille 9352 | B16: =IF(C16>0,"Yes",IF(D16="","Unknown","No")) | C16: =IF(D16="",E16+0,D16) | E16: =COUNTIFS(Planets!$C:$C,I16,Planets!$E:$E,1) | F16: 10.684557 | G16: GJ 887 b; GJ 887 c; GJ 887 d; GJ 887 e | I16: 113687 | J16: GJ 887 | K16: catalog identifier | L16: 0 | M16: 3.2759 | N16: M2/M3V | O16: 0.010734949 | P16: 7.35 | Q16: 114046 | R16: 217987 | T16: Gl 887 | V16: Lacaille 9352 | W16: 346.46296 | X16: -35.853073 | Y16: 8.4198313 | Z16: -2.0265824 | AA16: -6.2582005 | AB16: 1 | AC16: 113687 | AD16: 4 | AE16: 0 | AF16: 2.581532 | AG16: -0.621353 | AH16: -1.918773 | AI16: hyg:113687
A17: Ross 128 | B17: =IF(C17>0,"Yes",IF(D17="","Unknown","No")) | C17: =IF(D17="",E17+0,D17) | E17: =COUNTIFS(Planets!$C:$C,I17,Planets!$E:$E,1) | F17: 10.943525 | G17: Ross 128 b | I17: 57375 | J17: Ross 128 | K17: catalog identifier | L17: 0 | M17: 3.3553 | N17: M4.5V | O17: 0.000349623 | P17: 11.12 | Q17: 57548 | T17: Gl 447 | V17: Ross 128 | W17: 176.93499 | X17: 0.804563 | Y17: -10.925886 | Z17: 0.58503322 | AA17: 0.15365553 | AB17: 1 | AC17: 57375 | AD17: 1 | AE17: 0 | AF17: -3.349892 | AG17: 0.179372 | AH17: 0.047111 | AI17: hyg:57375
A18: EZ Aqr | B18: =IF(C18>0,"Yes",IF(D18="","Unknown","No")) | C18: =IF(D18="",E18+0,D18) | E18: =COUNTIFS(Planets!$C:$C,I18,Planets!$E:$E,1) | F18: 11.082468 | I18: 119518 | L18: 0 | M18: 3.3979 | N18: M5 e | O18: 8.6776074e-05 | P18: 12.66 | T18: Gl 866A | V18: EZ Aqr | W18: 339.63843 | X18: -15.302542 | Y18: 10.012652 | Z18: -3.7157822 | AA18: -2.9221948 | AB18: 1 | AC18: 119518 | AD18: 0 | AE18: 0 | AF18: 3.069893 | AG18: -1.139264 | AH18: -0.895949 | AI18: hyg:119518
A19: Struve 2398 B | B19: =IF(C19>0,"Yes",IF(D19="","Unknown","No")) | C19: =IF(D19="",E19+0,D19) | E19: =COUNTIFS(Planets!$C:$C,I19,Planets!$E:$E,1) | F19: 11.267072 | G19: Gl 725 B c | H19: Gl 725 B: Catalog distances differ by >20%; HYG controls selection. | I19: 91487 | J19: Gl 725 B | K19: catalog identifier | L19: 0 | M19: 3.4545 | N19: K5 | O19: 0.0013702506 | P19: 9.7 | Q19: 91772 | R19: 173740 | T19: Gl 725B | V19: Struve 2398 B | W19: 280.69873 | X19: 59.626847 | Y19: 1.0572913 | Z19: -5.5980111 | AA19: 9.7207027 | AB19: 2 | AC19: 91484 | AD19: 1 | AE19: 0 | AF19: 0.324167 | AG19: -1.716358 | AH19: 2.980381 | AI19: hyg:91484
A20: Gl 820A | B20: =IF(C20>0,"Yes",IF(D20="","Unknown","No")) | C20: =IF(D20="",E20+0,D20) | E20: =COUNTIFS(Planets!$C:$C,I20,Planets!$E:$E,1) | F20: 11.371442 | I20: 103879 | L20: 0 | M20: 3.4865 | N20: K5V | O20: 0.088064323 | P20: 5.2 | Q20: 104214 | R20: 201091 | S20: 8085 | T20: Gl 820A | U20: 61 Cyg | W20: 316.72191 | X20: 38.749415 | Y20: 6.4557958 | Z20: -6.0783677 | AA20: 7.1163799 | AB20: 1 | AC20: 103879 | AD20: 0 | AE20: 0 | AF20: 1.979356 | AG20: -1.863636 | AH20: 2.181892 | AI20: hyg:103879
A21: Gl 280B | B21: =IF(C21>0,"Yes",IF(D21="","Unknown","No")) | C21: =IF(D21="",E21+0,D21) | E21: =COUNTIFS(Planets!$C:$C,I21,Planets!$E:$E,1) | F21: 11.406993 | I21: 118493 | L21: 0 | M21: 3.4974 | N21: DA | O21: 0.00055924228 | P21: 10.7 | T21: Gl 280B | W21: 114.82509 | X21: 5.226824 | Y21: -4.7692999 | Z21: 10.309872 | AA21: 1.0391668 | AB21: 2 | AC21: 37173 | AD21: 0 | AE21: 0 | AF21: -1.462274 | AG21: 3.161021 | AH21: 0.31861 | AI21: hyg:37173
A22: Gl 820B | B22: =IF(C22>0,"Yes",IF(D22="","Unknown","No")) | C22: =IF(D22="",E22+0,D22) | E22: =COUNTIFS(Planets!$C:$C,I22,Planets!$E:$E,1) | F22: 11.40895 | I22: 103883 | L22: 0 | M22: 3.498 | N22: K7V | O22: 0.040513522 | P22: 6.05 | Q22: 104217 | R22: 201092 | S22: 8086 | T22: Gl 820B | U22: 61 Cyg | W22: 316.72744 | X22: 38.742055 | Y22: 6.4783561 | Z22: -6.0984361 | AA22: 7.1387216 | AB22: 2 | AC22: 103879 | AD22: 0 | AE22: 0 | AF22: 1.986273 | AG22: -1.869789 | AH22: 2.188742 | AI22: hyg:103879
A23: Procyon | B23: =IF(C23>0,"Yes",IF(D23="","Unknown","No")) | C23: =IF(D23="",E23+0,D23) | E23: =COUNTIFS(Planets!$C:$C,I23,Planets!$E:$E,1) | F23: 11.461787 | I23: 37173 | L23: 0 | M23: 3.5142 | N23: F5IV-V | O23: 7.4404637 | P23: 0.4 | Q23: 37279 | R23: 61421 | S23: 2943 | T23: Gl 280A | U23: 10Alp CMi | V23: Procyon | W23: 114.8255 | X23: 5.224993 | Y23: -4.7922548 | Z23: 10.359281 | AA23: 1.0437787 | AB23: 1 | AC23: 37173 | AD23: 0 | AE23: 0 | AF23: -1.469312 | AG23: 3.17617 | AH23: 0.320024 | AI23: hyg:37173
A24: Gl 15B | B24: =IF(C24>0,"Yes",IF(D24="","Unknown","No")) | C24: =IF(D24="",E24+0,D24) | E24: =COUNTIFS(Planets!$C:$C,I24,Planets!$E:$E,1) | F24: 11.63726 | I24: 117979 | L24: 0 | M24: 3.568 | N24: M6 Ve | O24: 0.00041763799 | P24: 11.06 | T24: Gl 15B | W24: 4.5774 | X24: 44.023502 | Y24: 8.3423104 | Z24: 0.67018612 | AA24: 8.0886586 | AB24: 2 | AC24: 1472 | AD24: 0 | AE24: 0 | AF24: 2.557764 | AG24: 0.20548 | AH24: 2.479994 | AI24: hyg:1472
A25: Struve 2398 A | B25: =IF(C25>0,"Yes",IF(D25="","Unknown","No")) | C25: =IF(D25="",E25+0,D25) | E25: =COUNTIFS(Planets!$C:$C,I25,Planets!$E:$E,1) | F25: 11.640847 | G25: Gl 725 A b | I25: 91484 | J25: Gl 725 A | K25: catalog identifier | L25: 0 | M25: 3.5691 | N25: K5 | O25: 0.0029457779 | P25: 8.94 | Q25: 91768 | R25: 173739 | T25: Gl 725A | V25: Struve 2398 A | W25: 280.69768 | X25: 59.630396 | Y25: 1.0921542 | Z25: -5.783095 | AA25: 10.043493 | AB25: 1 | AC25: 91484 | AD25: 1 | AE25: 0 | AF25: 0.334856 | AG25: -1.773105 | AH25: 3.079349 | AI25: hyg:91484
A26: Groombridge 34 | B26: =IF(C26>0,"Yes",IF(D26="","Unknown","No")) | C26: =IF(D26="",E26+0,D26) | E26: =COUNTIFS(Planets!$C:$C,I26,Planets!$E:$E,1) | F26: 11.700208 | G26: GJ 15 A b; GJ 15 A c | I26: 1472 | J26: GJ 15 A | K26: catalog identifier | L26: 1 | M26: 3.5873 | N26: M1V | O26: 0.006510285 | P26: 8.09 | Q26: 1475 | R26: 1326 | T26: Gl 15A | V26: Groombridge 34 | W26: 4.59261 | X26: 44.022954 | Y26: 8.3863774 | Z26: 0.67406739 | AA26: 8.1312644 | AB26: 1 | AC26: 1472 | AD26: 2 | AE26: 0 | AF26: 2.571275 | AG26: 0.20667 | AH26: 2.493057 | AI26: hyg:1472
A27: Gl 845 | B27: =IF(C27>0,"Yes",IF(D27="","Unknown","No")) | C27: =IF(D27="",E27+0,D27) | E27: =COUNTIFS(Planets!$C:$C,I27,Planets!$E:$E,1) | F27: 11.814689 | G27: eps Ind A b | I27: 108526 | J27: eps Ind A | K27: verified alias | L27: 0 | M27: 3.6224 | N27: K5V | O27: 0.15205475 | P27: 4.69 | Q27: 108870 | R27: 209100 | S27: 8387 | T27: Gl 845 | U27: Eps Ind | W27: 330.83229 | X27: -56.785977 | Y27: 5.6509495 | Z27: -3.1530026 | AA27: -9.8835395 | AB27: 1 | AC27: 108526 | AD27: 1 | AE27: 0 | AF27: 1.732589 | AG27: -0.966715 | AH27: -3.030307 | AI27: hyg:108526
A28: GJ 1111 | B28: =IF(C28>0,"Yes",IF(D28="","Unknown","No")) | C28: =IF(D28="",E28+0,D28) | E28: =COUNTIFS(Planets!$C:$C,I28,Planets!$E:$E,1) | F28: 11.825778 | I28: 118541 | L28: 0 | M28: 3.6258 | N28: M6.5 | O28: 1.3639549e-05 | P28: 14.81 | T28: GJ 1111 | W28: 127.45866 | X28: 26.778532 | Y28: -6.4202317 | Z28: 8.3801022 | AA28: 5.327647 | AB28: 1 | AC28: 118541 | AD28: 0 | AE28: 0 | AF28: -1.968452 | AG28: 2.569351 | AH28: 1.633464 | AI28: hyg:118541
A29: Gl 71 | B29: =IF(C29>0,"Yes",IF(D29="","Unknown","No")) | C29: =IF(D29="",E29+0,D29) | E29: =COUNTIFS(Planets!$C:$C,I29,Planets!$E:$E,1) | F29: 11.90536 | G29: tau Cet f; tau Cet g; tau Cet h | I29: 8087 | J29: tau Cet | K29: catalog identifier | L29: 3 | M29: 3.6502 | N29: G8V | O29: 0.46644453 | P29: 3.49 | Q29: 8102 | R29: 10700 | S29: 509 | T29: Gl 71 | U29: 52Tau Cet | W29: 26.017185 | X29: -15.93748 | Y29: 10.287243 | Z29: 5.0212035 | AA29: -3.2689349 | AB29: 1 | AC29: 8087 | AD29: 3 | AE29: 0 | AF29: 3.154083 | AG29: 1.539508 | AH29: -1.00226 | AI29: hyg:8087
A30: Gl 54.1 | B30: =IF(C30>0,"Yes",IF(D30="","Unknown","No")) | C30: =IF(D30="",E30+0,D30) | E30: =COUNTIFS(Planets!$C:$C,I30,Planets!$E:$E,1) | F30: 12.034844 | G30: YZ Cet b; YZ Cet c; YZ Cet d | I30: 5632 | J30: YZ Cet | K30: catalog identifier | L30: 0 | M30: 3.6899 | N30: M5.5Ve | O30: 0.00017139573 | P30: 12.1 | Q30: 5643 | T30: Gl 54.1 | W30: 18.12753 | X30: -16.998967 | Y30: 10.938541 | Z30: 3.5811155 | AA30: -3.5186794 | AB30: 1 | AC30: 5632 | AD30: 3 | AE30: 0 | AF30: 3.353772 | AG30: 1.097975 | AH30: -1.078832 | AI30: hyg:5632
A31: HIP 82724 | B31: =IF(C31>0,"Yes",IF(D31="","Unknown","No")) | C31: =IF(D31="",E31+0,D31) | E31: =COUNTIFS(Planets!$C:$C,I31,Planets!$E:$E,1) | F31: 12.056044 | I31: 82472 | L31: 0 | M31: 3.6964 | N31: Mp | O31: 0.00021657085 | P31: 11.85 | Q31: 82724 | W31: 253.63295 | X31: -62.399734 | Y31: -1.5738806 | Z31: -5.3592385 | AA31: -10.684084 | AB31: 1 | AC31: 82472 | AD31: 0 | AE31: 0 | AF31: -0.482554 | AG31: -1.64315 | AH31: -3.275755 | AI31: hyg:82472
A32: Luyten's Star | B32: =IF(C32>0,"Yes",IF(D32="","Unknown","No")) | C32: =IF(D32="",E32+0,D32) | E32: =COUNTIFS(Planets!$C:$C,I32,Planets!$E:$E,1) | F32: 12.402422 | G32: GJ 273 b; GJ 273 c | H32: GJ 273: Catalog distances differ by >20%; HYG controls selection. | I32: 36107 | J32: GJ 273 | K32: catalog identifier | L32: 0 | M32: 3.8026 | N32: M5 | O32: 0.0014588143 | P32: 9.84 | Q32: 36208 | T32: Gl 273 | V32: Luyten's Star | W32: 111.85207 | X32: 5.225785 | Y32: -4.597334 | Z32: 11.463927 | AA32: 1.1296687 | AB32: 1 | AC32: 36107 | AD32: 2 | AE32: 0 | AF32: -1.409549 | AG32: 3.514856 | AH32: 0.346358 | AI32: hyg:36107
A33: Kapteyn's Star | B33: =IF(C33>0,"Yes",IF(D33="","Unknown","No")) | C33: =IF(D33="",E33+0,D33) | E33: =COUNTIFS(Planets!$C:$C,I33,Planets!$E:$E,1) | F33: 12.757281 | G33: Kapteyn c | I33: 24129 | J33: Kapteyn | K33: verified alias | L33: 1 | M33: 3.9114 | N33: M0V | O33: 0.0038089038 | P33: 8.86 | Q33: 24186 | R33: 33793 | T33: Gl 191 | V33: Kapteyn's Star | W33: 77.912535 | X33: -45.018417 | Y33: 1.8884356 | Z33: 8.8230975 | AA33: -9.0287261 | AB33: 1 | AC33: 24129 | AD33: 1 | AE33: 0 | AF33: 0.578997 | AG33: 2.705174 | AH33: -2.76822 | AI33: hyg:24129
A34: Lacaille 8760 | B34: =IF(C34>0,"Yes",IF(D34="","Unknown","No")) | C34: =IF(D34="",E34+0,D34) | E34: =COUNTIFS(Planets!$C:$C,I34,Planets!$E:$E,1) | F34: 12.870783 | I34: 104751 | L34: 0 | M34: 3.9462 | N34: M1/M2V | O34: 0.028602237 | P34: 6.69 | Q34: 105090 | R34: 202560 | T34: Gl 825 | V34: Lacaille 8760 | W34: 319.31587 | X34: -38.867362 | Y34: 7.5994566 | Z34: -6.533421 | AA34: -8.0771877 | AB34: 1 | AC34: 104751 | AD34: 0 | AE34: 0 | AF34: 2.330004 | AG34: -2.003156 | AH34: -2.476477 | AI34: hyg:104751
A35: Kruger 60 | B35: =IF(C35>0,"Yes",IF(D35="","Unknown","No")) | C35: =IF(D35="",E35+0,D35) | E35: =COUNTIFS(Planets!$C:$C,I35,Planets!$E:$E,1) | F35: 13.049517 | I35: 110547 | L35: 0 | M35: 4.001 | N35: M2V | O35: 0.0020342297 | P35: 9.59 | Q35: 110893 | R35: 239960 | T35: Gl 860A | V35: Kruger 60 | W35: 336.99963 | X35: 57.695875 | Y35: 6.4188651 | Z35: -2.7249387 | AA35: 11.028932 | AB35: 1 | AC35: 110547 | AD35: 0 | AE35: 0 | AF35: 1.968033 | AG35: -0.83547 | AH35: 3.381486 | AI35: hyg:110547
A36: Gl 860B | B36: =IF(C36>0,"Yes",IF(D36="","Unknown","No")) | C36: =IF(D36="",E36+0,D36) | E36: =COUNTIFS(Planets!$C:$C,I36,Planets!$E:$E,1) | F36: 13.071369 | I36: 119505 | L36: 0 | M36: 4.0077 | N36: M6 V | O36: 0.0004222795 | P36: 11.3 | T36: Gl 860B | W36: 337.00901 | X36: 57.696623 | Y36: 6.4274007 | Z36: -2.7284481 | AA36: 11.043847 | AB36: 2 | AC36: 110547 | AD36: 0 | AE36: 0 | AF36: 1.97065 | AG36: -0.836546 | AH36: 3.386059 | AI36: hyg:110547
A37: Gl 234B | B37: =IF(C37>0,"Yes",IF(D37="","Unknown","No")) | C37: =IF(D37="",E37+0,D37) | E37: =COUNTIFS(Planets!$C:$C,I37,Planets!$E:$E,1) | F37: 13.428184 | I37: 118428 | L37: 0 | M37: 4.1171 | O37: 2.1340274e-05 | P37: 14.6 | T37: Gl 234B | W37: 97.349085 | X37: -2.812227 | Y37: -1.7155923 | Z37: 13.301838 | AA37: -0.6588261 | AB37: 2 | AC37: 30847 | AD37: 0 | AE37: 0 | AF37: -0.526003 | AG37: 4.078362 | AH37: -0.201997 | AI37: hyg:30847
A38: Ross 614 | B38: =IF(C38>0,"Yes",IF(D38="","Unknown","No")) | C38: =IF(D38="",E38+0,D38) | E38: =COUNTIFS(Planets!$C:$C,I38,Planets!$E:$E,1) | F38: 13.459821 | I38: 30847 | L38: 0 | M38: 4.1268 | N38: M4.5Ve | O38: 0.00052868867 | P38: 11.12 | Q38: 30920 | T38: Gl 234A | V38: Ross 614 | W38: 97.347495 | X38: -2.813979 | Y38: -1.7193203 | Z38: 13.333684 | AA38: -0.66081565 | AB38: 1 | AC38: 30847 | AD38: 0 | AE38: 0 | AF38: -0.527146 | AG38: 4.088126 | AH38: -0.202607 | AI38: hyg:30847
A39: HIP 82725 | B39: =IF(C39>0,"Yes",IF(D39="","Unknown","No")) | C39: =IF(D39="",E39+0,D39) | E39: =COUNTIFS(Planets!$C:$C,I39,Planets!$E:$E,1) | F39: 13.524074 | I39: 82473 | L39: 0 | M39: 4.1465 | O39: 0.00030704357 | P39: 11.72 | Q39: 82725 | W39: 253.63457 | X39: -62.403319 | Y39: -1.7651551 | Z39: -6.0111501 | AA39: -11.985448 | AB39: 1 | AC39: 82473 | AD39: 0 | AE39: 0 | AF39: -0.541199 | AG39: -1.843027 | AH39: -3.674755 | AI39: hyg:82473
A40: Van Maanen's Star | B40: =IF(C40>0,"Yes",IF(D40="","Unknown","No")) | C40: =IF(D40="",E40+0,D40) | E40: =COUNTIFS(Planets!$C:$C,I40,Planets!$E:$E,1) | F40: 13.902742 | I40: 3820 | L40: 0 | M40: 4.2626 | N40: DG | O40: 0.00017831998 | P40: 12.37 | Q40: 3829 | T40: Gl 35 | V40: Van Maanen's Star | W40: 12.29124 | X40: 5.38861 | Y40: 13.525565 | Z40: 2.9468848 | AA40: 1.3057605 | AB40: 1 | AC40: 3820 | AD40: 0 | AE40: 0 | AF40: 4.146957 | AG40: 0.903519 | AH40: 0.400348 | AI40: hyg:3820
A41: GJ 1061 | B41: =IF(C41>0,"Yes",IF(D41="","Unknown","No")) | C41: =IF(D41="",E41+0,D41) | E41: =COUNTIFS(Planets!$C:$C,I41,Planets!$E:$E,1) | F41: 13.997979 | G41: GJ 1061 b; GJ 1061 c; GJ 1061 d | I41: 118236 | J41: GJ 1061 | K41: catalog identifier | L41: 0 | M41: 4.2918 | N41: M4.5 | O41: 9.8446436e-05 | P41: 13.03 | T41: GJ 1061 | W41: 53.99556 | X41: -44.511897 | Y41: 5.8659453 | Z41: 8.0736685 | AA41: -9.8110448 | AB41: 1 | AC41: 118236 | AD41: 3 | AE41: 0 | AF41: 1.798507 | AG41: 2.475398 | AH41: -3.00808 | AI41: hyg:118236
A42: Wolf 1061 | B42: =IF(C42>0,"Yes",IF(D42="","Unknown","No")) | C42: =IF(D42="",E42+0,D42) | E42: =COUNTIFS(Planets!$C:$C,I42,Planets!$E:$E,1) | F42: 13.999284 | G42: Wolf 1061 b; Wolf 1061 c; Wolf 1061 d | I42: 80579 | J42: Wolf 1061 | K42: catalog identifier | L42: 0 | M42: 4.2922 | N42: M4 | O42: 0.0014628507 | P42: 10.1 | Q42: 80824 | T42: Gl 628 | V42: Wolf 1061 | W42: 247.57525 | X42: -12.662594 | Y42: -5.2102731 | Z42: -12.625588 | AA42: -3.0686912 | AB42: 1 | AC42: 80579 | AD42: 3 | AE42: 0 | AF42: -1.597477 | AG42: -3.871023 | AH42: -0.940865 | AI42: hyg:80579
A43: Gl 473A | B43: =IF(C43>0,"Yes",IF(D43="","Unknown","No")) | C43: =IF(D43="",E43+0,D43) | E43: =COUNTIFS(Planets!$C:$C,I43,Planets!$E:$E,1) | F43: 14.046251 | I43: 118830 | L43: 0 | M43: 4.3066 | N43: dM5.5eJ | O43: 9.8265258e-05 | P43: 13.04 | T43: Gl 473A | W43: 188.32167 | X43: 9.020714 | Y43: -13.726471 | Z43: -2.0077012 | AA43: 2.2023318 | AB43: 1 | AC43: 118830 | AD43: 0 | AE43: 0 | AF43: -4.208555 | AG43: -0.615564 | AH43: 0.675238 | AI43: hyg:118830
A44: Gl 473B | B44: =IF(C44>0,"Yes",IF(D44="","Unknown","No")) | C44: =IF(D44="",E44+0,D44) | E44: =COUNTIFS(Planets!$C:$C,I44,Planets!$E:$E,1) | F44: 14.046251 | I44: 118831 | L44: 0 | M44: 4.3066 | N44: M7 | O44: 7.7339258e-05 | P44: 13.3 | T44: Gl 473B | W44: 188.32167 | X44: 9.020714 | Y44: -13.726471 | Z44: -2.0077012 | AA44: 2.2023318 | AB44: 2 | AC44: 118830 | AD44: 0 | AE44: 0 | AF44: -4.208555 | AG44: -0.615564 | AH44: 0.675238 | AI44: hyg:118830
A45: Gl 1 | B45: =IF(C45>0,"Yes",IF(D45="","Unknown","No")) | C45: =IF(D45="",E45+0,D45) | E45: =COUNTIFS(Planets!$C:$C,I45,Planets!$E:$E,1) | F45: 14.154861 | I45: 442 | L45: 0 | M45: 4.3399 | N45: M2V | O45: 0.0061773186 | P45: 8.56 | Q45: 439 | R45: 225213 | T45: Gl 1 | W45: 1.348245 | X45: -37.357364 | Y45: 11.248625 | Z45: 0.26543911 | AA45: -8.5893543 | AB45: 1 | AC45: 442 | AD45: 0 | AE45: 0 | AF45: 3.448844 | AG45: 0.081384 | AH45: -2.633508 | AI45: hyg:442
A46: GJ 3522 | B46: =IF(C46>0,"Yes",IF(D46="","Unknown","No")) | C46: =IF(D46="",E46+0,D46) | E46: =COUNTIFS(Planets!$C:$C,I46,Planets!$E:$E,1) | F46: 14.560599 | I46: 118583 | L46: 0 | M46: 4.4643 | N46: k | O46: 0.00076489179 | P46: 10.89 | T46: GJ 3522 | W46: 134.73354 | X46: 8.475397 | Y46: -10.135998 | Z46: 10.2307 | AA46: 2.1460079 | AB46: 1 | AC46: 118583 | AD46: 0 | AE46: 0 | AF46: -3.107711 | AG46: 3.136747 | AH46: 0.657969 | AI46: hyg:118583
A47: Gl 83.1 | B47: =IF(C47>0,"Yes",IF(D47="","Unknown","No")) | C47: =IF(D47="",E47+0,D47) | E47: =COUNTIFS(Planets!$C:$C,I47,Planets!$E:$E,1) | F47: 14.573645 | G47: GJ 9066 c | I47: 118100 | J47: GJ 9066 | K47: verified alias | L47: 0 | M47: 4.4683 | N47: dM8 e | O47: 0.00021301 | P47: 12.28 | T47: Gl 83.1 | W47: 30.053445 | X47: 13.05304 | Y47: 12.283995 | Z47: 7.1075737 | AA47: 3.290334 | AB47: 1 | AC47: 118100 | AD47: 1 | AE47: 0 | AF47: 3.76629 | AG47: 2.179192 | AH47: 1.008821 | AI47: hyg:118100
A48: GJ 3618 | B48: =IF(C48>0,"Yes",IF(D48="","Unknown","No")) | C48: =IF(D48="",E48+0,D48) | E48: =COUNTIFS(Planets!$C:$C,I48,Planets!$E:$E,1) | F48: 14.638877 | I48: 118704 | L48: 0 | M48: 4.4883 | N48: m | O48: 4.7424199e-05 | P48: 13.92 | T48: GJ 3618 | W48: 161.13621 | X48: -61.193586 | Y48: -6.6747087 | Z48: 2.2812127 | AA48: -12.827355 | AB48: 1 | AC48: 118704 | AD48: 0 | AE48: 0 | AF48: -2.046475 | AG48: 0.699423 | AH48: -3.932885 | AI48: hyg:118704
A49: GJ 3622 | B49: =IF(C49>0,"Yes",IF(D49="","Unknown","No")) | C49: =IF(D49="",E49+0,D49) | E49: =COUNTIFS(Planets!$C:$C,I49,Planets!$E:$E,1) | F49: 14.75825 | I49: 118707 | L49: 0 | M49: 4.5249 | N49: M6.5 | O49: 1.0261244e-05 | P49: 15.6 | T49: GJ 3622 | W49: 162.05206 | X49: -11.336727 | Y49: -13.765055 | Z49: 4.4586686 | AA49: -2.9008707 | AB49: 1 | AC49: 118707 | AD49: 0 | AE49: 0 | AF49: -4.220385 | AG49: 1.367034 | AH49: -0.889411 | AI49: hyg:118707
A50: Gl 687 | B50: =IF(C50>0,"Yes",IF(D50="","Unknown","No")) | C50: =IF(D50="",E50+0,D50) | E50: =COUNTIFS(Planets!$C:$C,I50,Planets!$E:$E,1) | F50: 14.769013 | G50: GJ 687 b; GJ 687 c | I50: 85899 | J50: GJ 687 | K50: catalog identifier | L50: 0 | M50: 4.5282 | N50: M3.5Vvar | O50: 0.003908409 | P50: 9.15 | Q50: 86162 | T50: Gl 687 | W50: 264.10924 | X50: 68.339141 | Y50: -0.55959302 | Z50: -5.4223693 | AA50: 13.725469 | AB50: 1 | AC50: 85899 | AD50: 2 | AE50: 0 | AF50: -0.171572 | AG50: -1.662506 | AH50: 4.208248 | AI50: hyg:85899
A51: Gl 674 | B51: =IF(C51>0,"Yes",IF(D51="","Unknown","No")) | C51: =IF(D51="",E51+0,D51) | E51: =COUNTIFS(Planets!$C:$C,I51,Planets!$E:$E,1) | F51: 14.80913 | G51: GJ 674 b | I51: 85264 | J51: GJ 674 | K51: catalog identifier | L51: 0 | M51: 4.5405 | N51: K5 | O51: 0.0031798014 | P51: 9.38 | Q51: 85523 | T51: Gl 674 | W51: 262.1658 | X51: -46.89519 | Y51: -1.3792305 | Z51: -10.024964 | AA51: -10.812002 | AB51: 1 | AC51: 85264 | AD51: 1 | AE51: 0 | AF51: -0.422874 | AG51: -3.073668 | AH51: -3.314975 | AI51: hyg:85264
A52: Gl 440 | B52: =IF(C52>0,"Yes",IF(D52="","Unknown","No")) | C52: =IF(D52="",E52+0,D52) | E52: =COUNTIFS(Planets!$C:$C,I52,Planets!$E:$E,1) | F52: 15.029612 | I52: 57194 | L52: 0 | M52: 4.6081 | N52: DC: | O52: 0.00046472924 | P52: 11.5 | Q52: 57367 | T52: Gl 440 | W52: 176.42007 | X52: -64.841517 | Y52: -6.3770323 | Z52: 0.3979858 | AA52: -13.603832 | AB52: 1 | AC52: 57194 | AD52: 0 | AE52: 0 | AF52: -1.955207 | AG52: 0.122023 | AH52: -4.170954 | AI52: hyg:57194
A53: Gl 876 | B53: =IF(C53>0,"Yes",IF(D53="","Unknown","No")) | C53: =IF(D53="",E53+0,D53) | E53: =COUNTIFS(Planets!$C:$C,I53,Planets!$E:$E,1) | F53: 15.292494 | G53: GJ 876 b; GJ 876 c; GJ 876 d; GJ 876 e | I53: 112660 | J53: GJ 876 | K53: catalog identifier | L53: 0 | M53: 4.6887 | N53: M5 | O53: 0.0016519618 | P53: 10.16 | Q53: 113020 | T53: Gl 876 | W53: 343.31966 | X53: -14.263701 | Y53: 14.197369 | Z53: -4.254087 | AA53: -3.7678302 | AB53: 1 | AC53: 112660 | AD53: 4 | AE53: 0 | AF53: 4.352933 | AG53: -1.304309 | AH53: -1.155222 | AI53: hyg:112660
A54: GJ 1002 | B54: =IF(C54>0,"Yes",IF(D54="","Unknown","No")) | C54: =IF(D54="",E54+0,D54) | E54: =COUNTIFS(Planets!$C:$C,I54,Planets!$E:$E,1) | F54: 15.326741 | G54: GJ 1002 b; GJ 1002 c | I54: 117960 | J54: GJ 1002 | K54: catalog identifier | L54: 0 | M54: 4.6992 | N54: M5-5.5 | O54: 6.08135e-05 | P54: 13.75 | T54: GJ 1002 | W54: 1.682325 | X54: -7.539302 | Y54: 15.180753 | Z54: 0.44584272 | AA54: -2.0100463 | AB54: 1 | AC54: 117960 | AD54: 2 | AE54: 0 | AF54: 4.65444 | AG54: 0.136696 | AH54: -0.616283 | AI54: hyg:117960
A55: GJ 1245A | B55: =IF(C55>0,"Yes",IF(D55="","Unknown","No")) | C55: =IF(D55="",E55+0,D55) | E55: =COUNTIFS(Planets!$C:$C,I55,Planets!$E:$E,1) | F55: 15.384796 | I55: 119312 | L55: 0 | M55: 4.717 | N55: M5.5 V e | O55: 8.3791507e-05 | P55: 13.41 | T55: GJ 1245A | W55: 298.47333 | X55: 44.414534 | Y55: 5.2395457 | Z55: -9.6597897 | AA55: 10.766967 | AB55: 1 | AC55: 119312 | AD55: 0 | AE55: 0 | AF55: 1.606452 | AG55: -2.961705 | AH55: 3.301167 | AI55: hyg:119312
A56: GJ 1245B | B56: =IF(C56>0,"Yes",IF(D56="","Unknown","No")) | C56: =IF(D56="",E56+0,D56) | E56: =COUNTIFS(Planets!$C:$C,I56,Planets!$E:$E,1) | F56: 15.384796 | I56: 119313 | L56: 0 | M56: 4.717 | N56: m | O56: 4.8216979e-05 | P56: 14.01 | T56: GJ 1245B | W56: 298.4775 | X56: 44.414552 | Y56: 5.2402502 | Z56: -9.6594049 | AA56: 10.76697 | AB56: 2 | AC56: 119312 | AD56: 0 | AE56: 0 | AF56: 1.606668 | AG56: -2.961587 | AH56: 3.301168 | AI56: hyg:119312
A57: Gl 412B | B57: =IF(C57>0,"Yes",IF(D57="","Unknown","No")) | C57: =IF(D57="",E57+0,D57) | E57: =COUNTIFS(Planets!$C:$C,I57,Planets!$E:$E,1) | F57: 15.760855 | I57: 118727 | L57: 0 | M57: 4.8323 | N57: M6 e | O57: 3.5350861e-05 | P57: 14.4 | T57: Gl 412B | W57: 166.4026 | X57: 43.521487 | Y57: -11.107047 | Z57: 2.6913315 | AA57: 10.853343 | AB57: 2 | AC57: 54052 | AD57: 0 | AE57: 0 | AF57: -3.405436 | AG57: 0.825166 | AH57: 3.32765 | AI57: hyg:54052
A58: Gl 412A | B58: =IF(C58>0,"Yes",IF(D58="","Unknown","No")) | C58: =IF(D58="",E58+0,D58) | E58: =COUNTIFS(Planets!$C:$C,I58,Planets!$E:$E,1) | F58: 15.812061 | I58: 54052 | L58: 0 | M58: 4.848 | N58: M2Vvar | O58: 0.0060701581 | P58: 8.82 | Q58: 54211 | T58: Gl 412A | W58: 166.37313 | X58: 43.526777 | Y58: -11.143077 | Z58: 2.7021599 | AA58: 10.891046 | AB58: 1 | AC58: 54052 | AD58: 0 | AE58: 0 | AF58: -3.416483 | AG58: 0.828486 | AH58: 3.33921 | AI58: hyg:54052
A59: Gl 380 | B59: =IF(C59>0,"Yes",IF(D59="","Unknown","No")) | C59: =IF(D59="",E59+0,D59) | E59: =COUNTIFS(Planets!$C:$C,I59,Planets!$E:$E,1) | F59: 15.893926 | I59: 49767 | L59: 0 | M59: 4.8731 | N59: K8V | O59: 0.047380539 | P59: 6.6 | Q59: 49908 | R59: 88230 | T59: Gl 380 | W59: 152.84403 | X59: 49.454237 | Y59: -9.1924403 | Z59: 4.7157059 | AA59: 12.077023 | AB59: 1 | AC59: 49767 | AD59: 0 | AE59: 0 | AF59: -2.818415 | AG59: 1.445842 | AH59: 3.702832 | AI59: hyg:49767
A60: Gl 388 | B60: =IF(C60>0,"Yes",IF(D60="","Unknown","No")) | C60: =IF(D60="",E60+0,D60) | E60: =COUNTIFS(Planets!$C:$C,I60,Planets!$E:$E,1) | F60: 15.996013 | I60: 118676 | L60: 0 | M60: 4.9044 | N60: M4.5Ve | O60: 0.0036408266 | P60: 9.4 | T60: Gl 388 | W60: 154.90265 | X60: 19.870262 | Y60: -13.625085 | Z60: 6.3818138 | AA60: 5.4376074 | AB60: 1 | AC60: 118676 | AD60: 0 | AE60: 0 | AF60: -4.17747 | AG60: 1.956673 | AH60: 1.667178 | AI60: hyg:118676
A61: Gl 832 | B61: =IF(C61>0,"Yes",IF(D61="","Unknown","No")) | C61: =IF(D61="",E61+0,D61) | E61: =COUNTIFS(Planets!$C:$C,I61,Planets!$E:$E,1) | F61: 16.156808 | G61: GJ 832 b | I61: 106098 | J61: GJ 832 | K61: catalog identifier | L61: 0 | M61: 4.9537 | N61: M1V | O61: 0.0073451387 | P61: 8.66 | Q61: 106440 | R61: 204961 | T61: Gl 832 | W61: 323.39162 | X61: -49.009006 | Y61: 8.5073129 | Z61: -6.3200332 | AA61: -12.195453 | AB61: 1 | AC61: 106098 | AD61: 1 | AE61: 0 | AF61: 2.608354 | AG61: -1.937731 | AH61: -3.739143 | AI61: hyg:106098
A62: Keid | B62: =IF(C62>0,"Yes",IF(D62="","Unknown","No")) | C62: =IF(D62="",E62+0,D62) | E62: =COUNTIFS(Planets!$C:$C,I62,Planets!$E:$E,1) | F62: 16.257265 | I62: 19799 | L62: 0 | M62: 4.9845 | N62: K1V | O62: 0.36576319 | P62: 4.43 | Q62: 19849 | R62: 26965 | S62: 1325 | T62: Gl 166A | U62: 40Omi2Eri | V62: Keid | W62: 63.818055 | X62: -7.652871 | Y62: 7.1086565 | Z62: 14.458166 | AA62: -2.1648303 | AB62: 1 | AC62: 19799 | AD62: 0 | AE62: 0 | AF62: 2.179524 | AG62: 4.432894 | AH62: -0.66374 | AI62: hyg:19799
A63: GJ 1005A | B63: =IF(C63>0,"Yes",IF(D63="","Unknown","No")) | C63: =IF(D63="",E63+0,D63) | E63: =COUNTIFS(Planets!$C:$C,I63,Planets!$E:$E,1) | F63: 16.264766 | I63: 1240 | L63: 0 | M63: 4.9868 | N63: M: | O63: 0.00054903496 | P63: 11.49 | Q63: 1242 | T63: GJ 1005A | W63: 3.867045 | X63: -16.133807 | Y63: 15.587799 | Z63: 1.0536808 | AA63: -4.5194413 | AB63: 1 | AC63: 1240 | AD63: 0 | AE63: 0 | AF63: 4.779241 | AG63: 0.32306 | AH63: -1.385667 | AI63: hyg:1240
A64: Gl 166B | B64: =IF(C64>0,"Yes",IF(D64="","Unknown","No")) | C64: =IF(D64="",E64+0,D64) | E64: =COUNTIFS(Planets!$C:$C,I64,Planets!$E:$E,1) | F64: 16.452632 | I64: 118281 | L64: 0 | M64: 5.0444 | N64: DA4 | O64: 0.00344826 | P64: 9.52 | R64: 26976 | T64: Gl 166B | W64: 63.84282 | X64: -7.657504 | Y64: 7.1867677 | Z64: 14.632846 | AA64: -2.1918687 | AB64: 2 | AC64: 19799 | AD64: 0 | AE64: 0 | AF64: 2.203473 | AG64: 4.486451 | AH64: -0.67203 | AI64: hyg:19799
A65: Gl 166C | B65: =IF(C65>0,"Yes",IF(D65="","Unknown","No")) | C65: =IF(D65="",E65+0,D65) | E65: =COUNTIFS(Planets!$C:$C,I65,Planets!$E:$E,1) | F65: 16.452632 | I65: 118282 | L65: 0 | M65: 5.0444 | N65: dM4.5e | O65: 0.00075439708 | P65: 11.17 | T65: Gl 166C | W65: 63.84282 | X65: -7.657504 | Y65: 7.1849543 | Z65: 14.629154 | AA65: -2.1913175 | AB65: 3 | AC65: 19799 | AD65: 0 | AE65: 0 | AF65: 2.202917 | AG65: 4.485319 | AH65: -0.671861 | AI65: hyg:19799
A66: Gl 682 | B66: =IF(C66>0,"Yes",IF(D66="","Unknown","No")) | C66: =IF(D66="",E66+0,D66) | E66: =COUNTIFS(Planets!$C:$C,I66,Planets!$E:$E,1) | F66: 16.564504 | G66: GJ 682 b; GJ 682 c | I66: 85951 | J66: GJ 682 | K66: catalog identifier | L66: 0 | M66: 5.0787 | N66: M5 | O66: 0.00094536605 | P66: 10.94 | Q66: 86214 | T66: Gl 682 | W66: 264.26594 | X66: -44.319215 | Y66: -1.1840846 | Z66: -11.790654 | AA66: -11.571653 | AB66: 1 | AC66: 85951 | AD66: 2 | AE66: 0 | AF66: -0.363042 | AG66: -3.615031 | AH66: -3.547885 | AI66: hyg:85951
A67: Gl 702A | B67: =IF(C67>0,"Yes",IF(D67="","Unknown","No")) | C67: =IF(D67="",E67+0,D67) | E67: =COUNTIFS(Planets!$C:$C,I67,Planets!$E:$E,1) | F67: 16.579833 | I67: 88327 | L67: 0 | M67: 5.0834 | N67: K0V SB | O67: 0.55004725 | P67: 4.03 | Q67: 88601 | R67: 165341 | S67: 6752 | T67: Gl 702A | U67: 70 Oph | W67: 271.3637 | X67: 2.500099 | Y67: 0.39419912 | Z67: -16.559162 | AA67: 0.72322241 | AB67: 1 | AC67: 88327 | AD67: 0 | AE67: 0 | AF67: 0.120862 | AG67: -5.077062 | AH67: 0.221741 | AI67: hyg:88327
A68: Gl 702B | B68: =IF(C68>0,"Yes",IF(D68="","Unknown","No")) | C68: =IF(D68="",E68+0,D68) | E68: =COUNTIFS(Planets!$C:$C,I68,Planets!$E:$E,1) | F68: 16.588313 | I68: 119198 | L68: 0 | M68: 5.086 | N68: K5 Ve | O68: 0.089701561 | P68: 6 | T68: Gl 702B | W68: 271.36485 | X68: 2.498264 | Y68: 0.39469814 | Z68: -16.56618 | AA68: 0.72299737 | AB68: 2 | AC68: 88327 | AD68: 0 | AE68: 0 | AF68: 0.121015 | AG68: -5.079214 | AH68: 0.221672 | AI68: hyg:88327
A69: Gl 873 | B69: =IF(C69>0,"Yes",IF(D69="","Unknown","No")) | C69: =IF(D69="",E69+0,D69) | E69: =COUNTIFS(Planets!$C:$C,I69,Planets!$E:$E,1) | F69: 16.707034 | I69: 112106 | L69: 0 | M69: 5.1224 | N69: M4.5Ve | O69: 0.001749041 | P69: 10.29 | Q69: 112460 | T69: Gl 873 | W69: 341.7079 | X69: 44.333991 | Y69: 11.346266 | Z69: -3.750831 | AA69: 11.675527 | AB69: 1 | AC69: 112106 | AD69: 0 | AE69: 0 | AF69: 3.478781 | AG69: -1.15001 | AH69: 3.579733 | AI69: hyg:112106
A70: Altair | B70: =IF(C70>0,"Yes",IF(D70="","Unknown","No")) | C70: =IF(D70="",E70+0,D70) | E70: =COUNTIFS(Planets!$C:$C,I70,Planets!$E:$E,1) | F70: 16.730191 | I70: 97338 | L70: 0 | M70: 5.1295 | N70: A7IV-V | O70: 11.376273 | P70: 0.76 | Q70: 97649 | R70: 187642 | S70: 7557 | T70: Gl 768 | U70: 53Alp Aql | V70: Altair | W70: 297.69582 | X70: 8.868322 | Y70: 7.6825091 | Z70: -14.635615 | AA70: 2.5790783 | AB70: 1 | AC70: 97338 | AD70: 0 | AE70: 0 | AF70: 2.355468 | AG70: -4.4873 | AH70: 0.790749 | AI70: hyg:97338
A71: GJ 1116A | B71: =IF(C71>0,"Yes",IF(D71="","Unknown","No")) | C71: =IF(D71="",E71+0,D71) | E71: =COUNTIFS(Planets!$C:$C,I71,Planets!$E:$E,1) | F71: 17.049498 | I71: 118578 | L71: 0 | M71: 5.2274 | N71: m | O71: 5.6545754e-05 | P71: 14.06 | T71: GJ 1116A | W71: 134.56351 | X71: 19.763287 | Y71: -11.25504 | Z71: 11.428148 | AA71: 5.7631147 | AB71: 1 | AC71: 118578 | AD71: 0 | AE71: 0 | AF71: -3.450811 | AG71: 3.503886 | AH71: 1.766979 | AI71: hyg:118578
A72: GJ 1116B | B72: =IF(C72>0,"Yes",IF(D72="","Unknown","No")) | C72: =IF(D72="",E72+0,D72) | E72: =COUNTIFS(Planets!$C:$C,I72,Planets!$E:$E,1) | F72: 17.049498 | I72: 118579 | L72: 0 | M72: 5.2274 | N72: m | O72: 2.5609435e-05 | P72: 14.92 | T72: GJ 1116B | W72: 134.56351 | X72: 19.764954 | Y72: -11.258674 | Z72: 11.431827 | AA72: 5.7654989 | AB72: 2 | AC72: 118578 | AD72: 0 | AE72: 0 | AF72: -3.451925 | AG72: 3.505014 | AH72: 1.76771 | AI72: hyg:118578
A73: HIP 67593 | B73: =IF(C73>0,"Yes",IF(D73="","Unknown","No")) | C73: =IF(D73="",E73+0,D73) | E73: =COUNTIFS(Planets!$C:$C,I73,Planets!$E:$E,1) | F73: 17.370763 | I73: 67380 | L73: 0 | M73: 5.3259 | O73: 0.00011716557 | P73: 13.31 | Q73: 67593 | W73: 207.76155 | X73: 23.776677 | Y73: -14.066557 | Z73: -7.4045586 | AA73: 7.0034189 | AB73: 1 | AC73: 67380 | AD73: 0 | AE73: 0 | AF73: -4.312826 | AG73: -2.270248 | AH73: 2.147258 | AI73: hyg:67380
A74: Gl 445 | B74: =IF(C74>0,"Yes",IF(D74="","Unknown","No")) | C74: =IF(D74="",E74+0,D74) | E74: =COUNTIFS(Planets!$C:$C,I74,Planets!$E:$E,1) | F74: 17.454585 | I74: 57371 | L74: 0 | M74: 5.3516 | N74: M4 | O74: 0.0011934384 | P74: 10.8 | Q74: 57544 | T74: Gl 445 | W74: 176.915 | X74: 78.69116 | Y74: -3.4172219 | Z74: 0.18373041 | AA74: 17.112483 | AB74: 1 | AC74: 57371 | AD74: 0 | AE74: 0 | AF74: -1.047725 | AG74: 0.056332 | AH74: 5.246711 | AI74: hyg:57371
A75: GJ 3379 | B75: =IF(C75>0,"Yes",IF(D75="","Unknown","No")) | C75: =IF(D75="",E75+0,D75) | E75: =COUNTIFS(Planets!$C:$C,I75,Planets!$E:$E,1) | F75: 17.507096 | I75: 118406 | L75: 0 | M75: 5.3677 | N75: M4 | O75: 0.00073722491 | P75: 11.33 | T75: GJ 3379 | W75: 90.014865 | X75: 2.707087 | Y75: -0.0045368352 | Z75: 17.487556 | AA75: 0.8268586 | AB75: 1 | AC75: 118406 | AD75: 0 | AE75: 0 | AF75: -0.001391 | AG75: 5.361709 | AH75: 0.253516 | AI75: hyg:118406
A76: Gl 526 | B76: =IF(C76>0,"Yes",IF(D76="","Unknown","No")) | C76: =IF(D76="",E76+0,D76) | E76: =COUNTIFS(Planets!$C:$C,I76,Planets!$E:$E,1) | F76: 17.583416 | I76: 66943 | L76: 0 | M76: 5.3911 | N76: M3V | O76: 0.010452014 | P76: 8.46 | Q76: 67155 | R76: 119850 | T76: Gl 526 | W76: 206.43225 | X76: 14.89152 | Y76: -15.216836 | Z76: -7.5644307 | AA76: 4.518877 | AB76: 1 | AC76: 66943 | AD76: 0 | AE76: 0 | AF76: -4.665503 | AG76: -2.319265 | AH76: 1.385494 | AI76: hyg:66943
A77: Gl 169.1B | B77: =IF(C77>0,"Yes",IF(D77="","Unknown","No")) | C77: =IF(D77="",E77+0,D77) | E77: =COUNTIFS(Planets!$C:$C,I77,Planets!$E:$E,1) | F77: 17.983937 | I77: 118311 | L77: 0 | M77: 5.5139 | N77: DC5 | O77: 0.00027976926 | P77: 12.44 | T77: Gl 169.1B | W77: 67.778895 | X77: 58.981451 | Y77: 3.5020813 | Z77: 8.5802219 | AA77: 15.412246 | AB77: 2 | AC77: 21036 | AD77: 0 | AE77: 0 | AF77: 1.073743 | AG77: 2.630708 | AH77: 4.725416 | AI77: hyg:21036
A78: HIP 58910 | B78: =IF(C78>0,"Yes",IF(D78="","Unknown","No")) | C78: =IF(D78="",E78+0,D78) | E78: =COUNTIFS(Planets!$C:$C,I78,Planets!$E:$E,1) | F78: 17.993721 | I78: 58735 | L78: 0 | M78: 5.5169 | N78: F0Ib-II | O78: 0.024842769 | P78: 7.57 | Q78: 58910 | R78: 104901 | W78: 181.20342 | X78: -62.002292 | Y78: -8.4450431 | Z78: -0.17740298 | AA78: -15.88785 | AB78: 1 | AC78: 58735 | AD78: 0 | AE78: 0 | AF78: -2.589262 | AG78: -0.054392 | AH78: -4.871237 | AI78: hyg:58735
A79: Gl 169.1A | B79: =IF(C79>0,"Yes",IF(D79="","Unknown","No")) | C79: =IF(D79="",E79+0,D79) | E79: =COUNTIFS(Planets!$C:$C,I79,Planets!$E:$E,1) | F79: 18.193655 | I79: 21036 | L79: 0 | M79: 5.5782 | O79: 0.0012729167 | P79: 10.82 | Q79: 21088 | T79: Gl 169.1A | W79: 67.79502 | X79: 58.977072 | Y79: 3.5432879 | Z79: 8.6816924 | AA79: 15.591681 | AB79: 1 | AC79: 21036 | AD79: 0 | AE79: 0 | AF79: 1.086377 | AG79: 2.661819 | AH79: 4.780431 | AI79: hyg:21036
A80: HIP 33226 | B80: =IF(C80>0,"Yes",IF(D80="","Unknown","No")) | C80: =IF(D80="",E80+0,D80) | E80: =COUNTIFS(Planets!$C:$C,I80,Planets!$E:$E,1) | F80: 18.220074 | I80: 33139 | L80: 0 | M80: 5.5863 | N80: K:... | O80: 0.0030088463 | P80: 9.89 | Q80: 33226 | R80: 265866 | W80: 103.70433 | X80: 33.268175 | Y80: -3.6091812 | Z80: 14.80098 | AA80: 9.9951959 | AB80: 1 | AC80: 33139 | AD80: 0 | AE80: 0 | AF80: -1.10658 | AG80: 4.538001 | AH80: 3.064541 | AI80: hyg:33139
A81: HIP 83609 | B81: =IF(C81>0,"Yes",IF(D81="","Unknown","No")) | C81: =IF(D81="",E81+0,D81) | E81: =COUNTIFS(Planets!$C:$C,I81,Planets!$E:$E,1) | F81: 18.315311 | I81: 83352 | L81: 0 | M81: 5.6155 | N81: G0 | O81: 0.0054802453 | P81: 9.25 | Q81: 83609 | W81: 256.33652 | X81: -33.767358 | Y81: -3.5965427 | Z81: -14.794662 | AA81: -10.180055 | AB81: 1 | AC81: 83352 | AD81: 0 | AE81: 0 | AF81: -1.102705 | AG81: -4.536064 | AH81: -3.121219 | AI81: hyg:83352
A82: Gl 205 | B82: =IF(C82>0,"Yes",IF(D82="","Unknown","No")) | C82: =IF(D82="",E82+0,D82) | E82: =COUNTIFS(Planets!$C:$C,I82,Planets!$E:$E,1) | F82: 18.450992 | I82: 25813 | L82: 0 | M82: 5.6571 | N82: M1V | O82: 0.018080066 | P82: 7.97 | Q82: 25878 | R82: 36395 | T82: Gl 205 | W82: 82.864155 | X82: -3.677229 | Y82: 2.2873379 | Z82: 18.270631 | AA82: -1.1833834 | AB82: 1 | AC82: 25813 | AD82: 0 | AE82: 0 | AF82: 0.701301 | AG82: 5.601801 | AH82: -0.362827 | AI82: hyg:25813
A83: Gl 754 | B83: =IF(C83>0,"Yes",IF(D83="","Unknown","No")) | C83: =IF(D83="",E83+0,D83) | E83: =COUNTIFS(Planets!$C:$C,I83,Planets!$E:$E,1) | F83: 18.56319 | I83: 119276 | L83: 0 | M83: 5.6915 | N83: M4.5 | O83: 0.00036174289 | P83: 12.23 | T83: Gl 754 | W83: 290.19678 | X83: -45.55959 | Y83: 4.4887402 | Z83: -12.199618 | AA83: -13.255634 | AB83: 1 | AC83: 119276 | AD83: 0 | AE83: 0 | AF83: 1.376254 | AG83: -3.74042 | AH83: -4.064196 | AI83: hyg:119276
A84: HIP 103039 | B84: =IF(C84>0,"Yes",IF(D84="","Unknown","No")) | C84: =IF(D84="",E84+0,D84) | E84: =COUNTIFS(Planets!$C:$C,I84,Planets!$E:$E,1) | F84: 18.634292 | I84: 102708 | L84: 0 | M84: 5.7133 | O84: 0.0007755325 | P84: 11.41 | Q84: 103039 | W84: 313.1376 | X84: -16.974738 | Y84: 12.186151 | Z84: -13.0053 | AA84: -5.4402819 | AB84: 1 | AC84: 102708 | AD84: 0 | AE84: 0 | AF84: 3.736291 | AG84: -3.987443 | AH84: -1.667998 | AI84: hyg:102708
A85: Gl 644B | B85: =IF(C85>0,"Yes",IF(D85="","Unknown","No")) | C85: =IF(D85="",E85+0,D85) | E85: =COUNTIFS(Planets!$C:$C,I85,Planets!$E:$E,1) | F85: 18.719745 | I85: 119112 | L85: 0 | M85: 5.7395 | O85: 0.0031448505 | P85: 9.9 | T85: Gl 644B | W85: 253.86782 | X85: -8.3376 | Y85: -5.1464215 | Z85: -17.792548 | AA85: -2.7144691 | AB85: 2 | AC85: 82565 | AD85: 0 | AE85: 0 | AF85: -1.5779 | AG85: -5.45522 | AH85: -0.83226 | AI85: hyg:82565
A86: Gl 644C | B86: =IF(C86>0,"Yes",IF(D86="","Unknown","No")) | C86: =IF(D86="",E86+0,D86) | E86: =COUNTIFS(Planets!$C:$C,I86,Planets!$E:$E,1) | F86: 18.719745 | I86: 119113 | L86: 0 | M86: 5.7395 | N86: M7 | O86: 5.566728e-06 | P86: 16.78 | T86: Gl 644C | W86: 253.89711 | X86: -8.395842 | Y86: -5.1374718 | Z86: -17.795689 | AA86: -2.7337775 | AB86: 3 | AC86: 82565 | AD86: 0 | AE86: 0 | AF86: -1.575156 | AG86: -5.456183 | AH86: -0.83818 | AI86: hyg:82565
A87: Gl 229 | B87: =IF(C87>0,"Yes",IF(D87="","Unknown","No")) | C87: =IF(D87="",E87+0,D87) | E87: =COUNTIFS(Planets!$C:$C,I87,Planets!$E:$E,1) | F87: 18.765081 | G87: GJ 229 A c; GJ 229 b | I87: 29222 | J87: GJ 229 | K87: catalog identifier | L87: 2 | M87: 5.7534 | N87: M1/M2V | O87: 0.015848932 | P87: 8.15 | Q87: 29295 | R87: 42581 | T87: Gl 229 | W87: 92.64426 | X87: -21.864643 | Y87: -0.80344384 | Z87: 17.396835 | AA87: -6.9884581 | AB87: 1 | AC87: 29222 | AD87: 2 | AE87: 0 | AF87: -0.246337 | AG87: 5.333894 | AH87: -2.142671 | AI87: hyg:29222
A88: Alsafi | B88: =IF(C88>0,"Yes",IF(D88="","Unknown","No")) | C88: =IF(D88="",E88+0,D88) | E88: =COUNTIFS(Planets!$C:$C,I88,Planets!$E:$E,1) | F88: 18.769321 | I88: 95799 | L88: 0 | M88: 5.7547 | N88: K0V | O88: 0.3908409 | P88: 4.67 | Q88: 96100 | R88: 185144 | S88: 7462 | T88: Gl 764 | U88: 61Sig Dra | V88: Alsafi | W88: 293.08724 | X88: 69.661175 | Y88: 2.5585402 | Z88: -6.0013295 | AA88: 17.599894 | AB88: 1 | AC88: 95799 | AD88: 0 | AE88: 0 | AF88: 0.784452 | AG88: -1.840016 | AH88: 5.396152 | AI88: hyg:95799
A89: Gl 251 | B89: =IF(C89>0,"Yes",IF(D89="","Unknown","No")) | C89: =IF(D89="",E89+0,D89) | E89: =COUNTIFS(Planets!$C:$C,I89,Planets!$E:$E,1) | F89: 18.787912 | G89: GJ 251 b; GJ 251 c | I89: 118447 | J89: GJ 251 | K89: catalog identifier | L89: 0 | M89: 5.7604 | N89: dM4 | O89: 0.0028628593 | P89: 10.01 | T89: Gl 251 | W89: 103.70409 | X89: 33.270718 | Y89: -3.7216367 | Z89: 15.264396 | AA89: 10.309063 | AB89: 1 | AC89: 118447 | AD89: 2 | AE89: 0 | AF89: -1.141059 | AG89: 4.680085 | AH89: 3.160773 | AI89: hyg:118447
A90: Gl 338A | B90: =IF(C90>0,"Yes",IF(D90="","Unknown","No")) | C90: =IF(D90="",E90+0,D90) | E90: =COUNTIFS(Planets!$C:$C,I90,Planets!$E:$E,1) | F90: 18.953926 | I90: 45211 | L90: 0 | M90: 5.8113 | N90: M0V | O90: 0.025846396 | P90: 7.64 | Q90: 45343 | R90: 79210 | T90: Gl 338A | W90: 138.59739 | X90: 52.686625 | Y90: -8.6178278 | Z90: 7.5989805 | AA90: 15.07498 | AB90: 1 | AC90: 45211 | AD90: 0 | AE90: 0 | AF90: -2.642238 | AG90: 2.329858 | AH90: 4.62201 | AI90: hyg:45211
A91: Gl 213 | B91: =IF(C91>0,"Yes",IF(D91="","Unknown","No")) | C91: =IF(D91="",E91+0,D91) | E91: =COUNTIFS(Planets!$C:$C,I91,Planets!$E:$E,1) | F91: 19.012308 | I91: 26792 | L91: 0 | M91: 5.8292 | N91: M5 | O91: 0.00070339617 | P91: 11.56 | Q91: 26857 | T91: Gl 213 | W91: 85.53849 | X91: 12.489337 | Y91: 1.4441552 | Z91: 18.509162 | AA91: 4.1122285 | AB91: 1 | AC91: 26792 | AD91: 0 | AE91: 0 | AF91: 0.44278 | AG91: 5.674935 | AH91: 1.260815 | AI91: hyg:26792
A92: Gl 693 | B92: =IF(C92>0,"Yes",IF(D92="","Unknown","No")) | C92: =IF(D92="",E92+0,D92) | E92: =COUNTIFS(Planets!$C:$C,I92,Planets!$E:$E,1) | F92: 19.020135 | I92: 86722 | L92: 0 | M92: 5.8316 | N92: M5 | O92: 0.0014845677 | P92: 10.75 | Q92: 86990 | T92: Gl 693 | W92: 266.64493 | X92: -57.319042 | Y92: -0.60135408 | Z92: -10.250687 | AA92: -16.006238 | AB92: 1 | AC92: 86722 | AD92: 0 | AE92: 0 | AF92: -0.184376 | AG92: -3.142875 | AH92: -4.907535 | AI92: hyg:86722
A93: Gl 570A | B93: =IF(C93>0,"Yes",IF(D93="","Unknown","No")) | C93: =IF(D93="",E93+0,D93) | E93: =COUNTIFS(Planets!$C:$C,I93,Planets!$E:$E,1) | F93: 19.048837 | I93: 72957 | L93: 0 | M93: 5.8404 | N93: K4V | O93: 0.15303825 | P93: 5.72 | Q93: 73184 | R93: 131977 | S93: 5568 | T93: Gl 570A | W93: 224.36648 | X93: -21.415475 | Y93: -12.677995 | Z93: -12.400769 | AA93: -6.9555783 | AB93: 1 | AC93: 72957 | AD93: 0 | AE93: 0 | AF93: -3.887091 | AG93: -3.802093 | AH93: -2.13259 | AI93: hyg:72957
A94: Gl 752A | B94: =IF(C94>0,"Yes",IF(D94="","Unknown","No")) | C94: =IF(D94="",E94+0,D94) | E94: =COUNTIFS(Planets!$C:$C,I94,Planets!$E:$E,1) | F94: 19.145053 | G94: HD 180617 b | I94: 94466 | J94: HD 180617 | K94: catalog identifier | L94: 0 | M94: 5.8699 | N94: M3.5V | O94: 0.0067483873 | P94: 9.12 | Q94: 94761 | R94: 180617 | T94: Gl 752A | W94: 289.23024 | X94: 5.168904 | Y94: 6.280415 | Z94: -18.004295 | AA94: 1.7249139 | AB94: 1 | AC94: 94466 | AD94: 1 | AE94: 0 | AF94: 1.925584 | AG94: -5.520142 | AH94: 0.528861 | AI94: hyg:94466
A95: Gl 752B | B95: =IF(C95>0,"Yes",IF(D95="","Unknown","No")) | C95: =IF(D95="",E95+0,D95) | E95: =COUNTIFS(Planets!$C:$C,I95,Planets!$E:$E,1) | F95: 19.156469 | I95: 119275 | L95: 0 | M95: 5.8734 | N95: dM5 e | O95: 2.9484923e-06 | P95: 17.52 | T95: Gl 752B | W95: 289.24215 | X95: 5.148625 | Y95: 6.287747 | Z95: -18.013307 | AA95: 1.7190953 | AB95: 2 | AC95: 94466 | AD95: 0 | AE95: 0 | AF95: 1.927832 | AG95: -5.522905 | AH95: 0.527077 | AI95: hyg:94466
A96: Gl 300 | B96: =IF(C96>0,"Yes",IF(D96="","Unknown","No")) | C96: =IF(D96="",E96+0,D96) | E96: =COUNTIFS(Planets!$C:$C,I96,Planets!$E:$E,1) | F96: 19.185823 | I96: 118532 | L96: 0 | M96: 5.8824 | N96: M4 | O96: 0.00043571248 | P96: 12.1 | T96: Gl 300 | W96: 123.16962 | X96: -21.551445 | Y96: -9.7630835 | Z96: 14.936817 | AA96: -7.0476522 | AB96: 1 | AC96: 118532 | AD96: 0 | AE96: 0 | AF96: -2.993375 | AG96: 4.579649 | AH96: -2.16082 | AI96: hyg:118532
A97: Gl 570B | B97: =IF(C97>0,"Yes",IF(D97="","Unknown","No")) | C97: =IF(D97="",E97+0,D97) | E97: =COUNTIFS(Planets!$C:$C,I97,Planets!$E:$E,1) | F97: 19.325418 | I97: 72955 | L97: 0 | M97: 5.9252 | N97: K5V | O97: 0.019124936 | P97: 8.01 | Q97: 73182 | R97: 131976 | T97: Gl 570B | W97: 224.36041 | X97: -21.41152 | Y97: -12.863718 | Z97: -12.579767 | AA97: -7.0553104 | AB97: 2 | AC97: 72957 | AD97: 0 | AE97: 0 | AF97: -3.944034 | AG97: -3.856974 | AH97: -2.163168 | AI97: hyg:72957
A98: Gl 588 | B98: =IF(C98>0,"Yes",IF(D98="","Unknown","No")) | C98: =IF(D98="",E98+0,D98) | E98: =COUNTIFS(Planets!$C:$C,I98,Planets!$E:$E,1) | F98: 19.338138 | I98: 75841 | L98: 0 | M98: 5.9291 | N98: M0 | O98: 0.0057809605 | P98: 9.31 | Q98: 76074 | T98: Gl 588 | W98: 233.05482 | X98: -41.275586 | Y98: -8.7357529 | Z98: -11.615446 | AA98: -12.757307 | AB98: 1 | AC98: 75841 | AD98: 0 | AE98: 0 | AF98: -2.678394 | AG98: -3.561312 | AH98: -3.911408 | AI98: hyg:75841
A99: Guniibuu | B99: =IF(C99>0,"Yes",IF(D99="","Unknown","No")) | C99: =IF(D99="",E99+0,D99) | E99: =COUNTIFS(Planets!$C:$C,I99,Planets!$E:$E,1) | F99: 19.351836 | I99: 84147 | L99: 0 | M99: 5.9333 | N99: K2:III: | O99: 0.56806757 | P99: 4.33 | Q99: 84405 | R99: 155885 | S99: 6401 | T99: Gl 663A | U99: 36 Oph | V99: Guniibuu | W99: 258.83754 | X99: -26.602829 | Y99: -3.349776 | Z99: -16.975781 | AA99: -8.6658282 | AB99: 1 | AC99: 84147 | AD99: 0 | AE99: 0 | AF99: -1.027046 | AG99: -5.204798 | AH99: -2.656955 | AI99: hyg:84147
A100: Gl 34B | B100: =IF(C100>0,"Yes",IF(D100="","Unknown","No")) | C100: =IF(D100="",E100+0,D100) | E100: =COUNTIFS(Planets!$C:$C,I100,Planets!$E:$E,1) | F100: 19.415111 | I100: 118021 | L100: 0 | M100: 5.9527 | N100: K7 V | O100: 0.030591446 | P100: 7.51 | T100: Gl 34B | W100: 12.25533 | X100: 57.817365 | Y100: 10.105616 | Z100: 2.1975993 | AA100: 16.433552 | AB100: 2 | AC100: 3814 | AD100: 0 | AE100: 0 | AF100: 3.098396 | AG100: 0.673787 | AH100: 5.03855 | AI100: hyg:3814
...

Sheet Planets
A1: planet_name | B1: host_name | C1: hyg_id | D1: hyg_star_name | E1: include_in_count | F1: notes | G1: semi_major_axis_au | H1: orbital_period_days | I1: eccentricity | J1: insolation_earth | K1: equilibrium_temperature_k | L1: radius_earth | M1: mass_or_msini_earth | N1: stellar_temperature_k | O1: stellar_mass_solar | P1: stellar_radius_solar | Q1: stellar_metallicity_dex | R1: mass_provenance | S1: controversial | T1: discovery_method | U1: discovery_year | V1: nasa_distance_ly | W1: hyg_distance_ly | X1: distance_difference_percent | Y1: match_method | Z1: angular_separation_arcsec | AA1: parameter_selection | AB1: source_rows | AC1: system_planet_count | AD1: system_star_count | AE1: solution_type | AF1: reference | AG1: reference_url | AH1: stellar_reference | AI1: system_reference | AJ1: row_updated | AK1: faction_owners
A2: 61 Vir b | B2: 61 Vir | C2: 64720 | D2: Gl 506 | E2: 1 | G2: 0.050201 | H2: 4.215 | I2: 0.12 | M2: 5.1 | N2: 5577 | O2: 0.942 | P2: 0.963 | Q2: -0.01 | R2: Msini | S2: 0 | T2: Radial Velocity | U2: 2009 | V2: 27.73412 | W2: 27.903004 | X2: 0.60525301 | Y2: catalog identifier | Z2: 23.717508 | AA2: NASA default | AB2: 3 | AC2: 3 | AD2: 1 | AE2: Published Confirmed | AF2: Vogt et al. 2010 | AG2: https://ui.adsabs.harvard.edu/abs/2010ApJ...708.1366V/abstract | AH2: Vogt et al. 2010 | AI2: TICv8 | AJ2: 2014-05-14
A3: 61 Vir c | B3: 61 Vir | C3: 64720 | D3: Gl 506 | E3: 1 | G3: 0.2175 | H3: 38.021 | I3: 0.14 | M3: 18.2 | N3: 5577 | O3: 0.942 | P3: 0.963 | Q3: -0.01 | R3: Msini | S3: 0 | T3: Radial Velocity | U3: 2009 | V3: 27.73412 | W3: 27.903004 | X3: 0.60525301 | Y3: catalog identifier | Z3: 23.717508 | AA3: NASA default | AB3: 3 | AC3: 3 | AD3: 1 | AE3: Published Confirmed | AF3: Vogt et al. 2010 | AG3: https://ui.adsabs.harvard.edu/abs/2010ApJ...708.1366V/abstract | AH3: Vogt et al. 2010 | AI3: TICv8 | AJ3: 2014-05-14
A4: 61 Vir d | B4: 61 Vir | C4: 64720 | D4: Gl 506 | E4: 1 | G4: 0.476 | H4: 123.01 | I4: 0.35 | M4: 22.9 | N4: 5577 | O4: 0.942 | P4: 0.963 | Q4: -0.01 | R4: Msini | S4: 0 | T4: Radial Velocity | U4: 2009 | V4: 27.73412 | W4: 27.903004 | X4: 0.60525301 | Y4: catalog identifier | Z4: 23.717508 | AA4: NASA default | AB4: 2 | AC4: 3 | AD4: 1 | AE4: Published Confirmed | AF4: Vogt et al. 2010 | AG4: https://ui.adsabs.harvard.edu/abs/2010ApJ...708.1366V/abstract | AH4: Vogt et al. 2010 | AI4: TICv8 | AJ4: 2014-05-14
A5: Barnard b | B5: Barnard's star | C5: 87665 | D5: Barnard's Star | E5: 1 | G5: 0.0229 | H5: 3.1542 | I5: 0.03 | K5: 438 | M5: 0.299 | N5: 3195 | O5: 0.162 | P5: 0.185 | Q5: -0.56 | R5: Msini | S5: 0 | T5: Radial Velocity | U5: 2024 | V5: 5.9574093 | W5: 5.94844 | X5: 0.15078408 | Y5: catalog identifier | Z5: 161.01489 | AA5: NASA default | AB5: 2 | AC5: 4 | AD5: 1 | AE5: Published Confirmed | AF5: Basant et al. 2025 | AG5: https://ui.adsabs.harvard.edu/abs/2025ApJ...982L...1B/abstract | AH5: González Hernández et al. 2024 | AI5: TICv8 | AJ5: 2025-03-10
A6: Barnard c | B6: Barnard's star | C6: 87665 | D6: Barnard's Star | E6: 1 | G6: 0.0274 | H6: 4.1244 | I6: 0.08 | K6: 400 | M6: 0.335 | N6: 3195 | O6: 0.162 | P6: 0.185 | Q6: -0.56 | R6: Msini | S6: 0 | T6: Radial Velocity | U6: 2025 | V6: 5.9574093 | W6: 5.94844 | X6: 0.15078408 | Y6: catalog identifier | Z6: 161.01489 | AA6: NASA default | AB6: 1 | AC6: 4 | AD6: 1 | AE6: Published Confirmed | AF6: Basant et al. 2025 | AG6: https://ui.adsabs.harvard.edu/abs/2025ApJ...982L...1B/abstract | AH6: González Hernández et al. 2024 | AI6: TICv8 | AJ6: 2025-03-10
A7: Barnard d | B7: Barnard's star | C7: 87665 | D7: Barnard's Star | E7: 1 | G7: 0.0188 | H7: 2.3402 | I7: 0.04 | K7: 483 | M7: 0.263 | N7: 3195 | O7: 0.162 | P7: 0.185 | Q7: -0.56 | R7: Msini | S7: 0 | T7: Radial Velocity | U7: 2025 | V7: 5.9574093 | W7: 5.94844 | X7: 0.15078408 | Y7: catalog identifier | Z7: 161.01489 | AA7: NASA default | AB7: 1 | AC7: 4 | AD7: 1 | AE7: Published Confirmed | AF7: Basant et al. 2025 | AG7: https://ui.adsabs.harvard.edu/abs/2025ApJ...982L...1B/abstract | AH7: González Hernández et al. 2024 | AI7: TICv8 | AJ7: 2025-03-10
A8: Barnard e | B8: Barnard's star | C8: 87665 | D8: Barnard's Star | E8: 1 | G8: 0.0381 | H8: 6.7392 | I8: 0.04 | K8: 340 | M8: 0.193 | N8: 3195 | O8: 0.162 | P8: 0.185 | Q8: -0.56 | R8: Msini | S8: 0 | T8: Radial Velocity | U8: 2025 | V8: 5.9574093 | W8: 5.94844 | X8: 0.15078408 | Y8: catalog identifier | Z8: 161.01489 | AA8: NASA default | AB8: 1 | AC8: 4 | AD8: 1 | AE8: Published Confirmed | AF8: Basant et al. 2025 | AG8: https://ui.adsabs.harvard.edu/abs/2025ApJ...982L...1B/abstract | AH8: González Hernández et al. 2024 | AI8: TICv8 | AJ8: 2025-03-10
A9: CD Cet b | B9: CD Cet | C9: 118201 | D9: GJ 1057 | E9: 1 | G9: 0.0185 | H9: 2.2907 | J9: 8.6 | K9: 464 | M9: 3.95 | N9: 3130 | O9: 0.161 | P9: 0.175 | Q9: 0.13 | R9: Msini | S9: 0 | T9: Radial Velocity | U9: 2020 | V9: 28.072769 | W9: 27.616965 | X9: 1.6504476 | Y9: verified alias | Z9: 36.75496 | AA9: NASA default | AB9: 1 | AC9: 1 | AD9: 1 | AE9: Published Confirmed | AF9: Bauer et al. 2020 | AG9: https://ui.adsabs.harvard.edu/abs/2020A&A...640A..50B/abstract | AH9: Bauer et al. 2020 | AI9: TICv8 | AJ9: 2021-11-02
A10: GJ 1002 b | B10: GJ 1002 | C10: 117960 | D10: GJ 1002 | E10: 1 | G10: 0.0457 | H10: 10.3465 | J10: 0.67 | K10: 230.9 | M10: 1.08 | N10: 3024 | O10: 0.12 | P10: 0.137 | Q10: -0.25 | R10: Msini | S10: 0 | T10: Radial Velocity | U10: 2022 | V10: 15.814246 | W10: 15.326741 | X10: 3.1807542 | Y10: catalog identifier | Z10: 32.501943 | AA10: NASA default | AB10: 1 | AC10: 2 | AD10: 1 | AE10: Published Confirmed | AF10: Suárez Mascareño et al. 2023 | AG10: https://ui.adsabs.harvard.edu/abs/2023A&A...670A...5S/abstract | AH10: Suárez Mascareño et al. 2023 | AI10: TICv8 | AJ10: 2022-12-17
A11: GJ 1002 c | B11: GJ 1002 | C11: 117960 | D11: GJ 1002 | E11: 1 | G11: 0.0738 | H11: 21.202 | J11: 0.257 | K11: 181.7 | M11: 1.36 | N11: 3024 | O11: 0.12 | P11: 0.137 | Q11: -0.25 | R11: Msini | S11: 0 | T11: Radial Velocity | U11: 2022 | V11: 15.814246 | W11: 15.326741 | X11: 3.1807542 | Y11: catalog identifier | Z11: 32.501943 | AA11: NASA default | AB11: 1 | AC11: 2 | AD11: 1 | AE11: Published Confirmed | AF11: Suárez Mascareño et al. 2023 | AG11: https://ui.adsabs.harvard.edu/abs/2023A&A...670A...5S/abstract | AH11: Suárez Mascareño et al. 2023 | AI11: TICv8 | AJ11: 2022-12-17
A12: GJ 1061 b | B12: GJ 1061 | C12: 118236 | D12: GJ 1061 | E12: 1 | G12: 0.021 | H12: 3.2073 | I12: 0.05 | M12: 1.11 | N12: 2953 | O12: 0.12 | P12: 0.156 | Q12: -0.08 | R12: Mass | S12: 0 | T12: Radial Velocity | U12: 2020 | V12: 11.979006 | W12: 13.997979 | X12: 14.423319 | Y12: catalog identifier | Z12: 21.565206 | AA12: NASA default | AB12: 2 | AC12: 3 | AD12: 1 | AE12: Published Confirmed | AF12: Dreizler et al. 2025 | AG12: https://ui.adsabs.harvard.edu/abs/2025A&A...698A.114D/abstract | AH12: Dreizler et al. 2025 | AI12: TICv8 | AJ12: 2026-03-12
A13: GJ 1061 c | B13: GJ 1061 | C13: 118236 | D13: GJ 1061 | E13: 1 | G13: 0.0342 | H13: 6.6821 | I13: 0.02 | M13: 1.81 | N13: 2953 | O13: 0.12 | P13: 0.156 | Q13: -0.08 | R13: Mass | S13: 0 | T13: Radial Velocity | U13: 2020 | V13: 11.979006 | W13: 13.997979 | X13: 14.423319 | Y13: catalog identifier | Z13: 21.565206 | AA13: NASA default | AB13: 2 | AC13: 3 | AD13: 1 | AE13: Published Confirmed | AF13: Dreizler et al. 2025 | AG13: https://ui.adsabs.harvard.edu/abs/2025A&A...698A.114D/abstract | AH13: Dreizler et al. 2025 | AI13: TICv8 | AJ13: 2026-03-12
A14: GJ 1061 d | B14: GJ 1061 | C14: 118236 | D14: GJ 1061 | E14: 1 | G14: 0.054 | H14: 13.066 | I14: 0.04 | M14: 1.67 | N14: 2953 | O14: 0.12 | P14: 0.156 | Q14: -0.08 | R14: Mass | S14: 0 | T14: Radial Velocity | U14: 2020 | V14: 11.979006 | W14: 13.997979 | X14: 14.423319 | Y14: catalog identifier | Z14: 21.565206 | AA14: NASA default | AB14: 2 | AC14: 3 | AD14: 1 | AE14: Published Confirmed | AF14: Dreizler et al. 2025 | AG14: https://ui.adsabs.harvard.edu/abs/2025A&A...698A.114D/abstract | AH14: Dreizler et al. 2025 | AI14: TICv8 | AJ14: 2026-03-12
A15: GJ 1151 c | B15: GJ 1151 | C15: 118777 | D15: GJ 1151 | E15: 1 | G15: 0.5714 | H15: 389.7 | M15: 10.62 | N15: 3280 | O15: 0.1639 | P15: 0.1781 | Q15: -0.12 | R15: Msini | S15: 0 | T15: Radial Velocity | U15: 2023 | V15: 26.210742 | W15: 26.778091 | X15: 2.118706 | Y15: catalog identifier | Z15: 61.416018 | AA15: NASA default | AB15: 1 | AC15: 1 | AD15: 1 | AE15: Published Confirmed | AF15: Blanco-Pozo et al. 2023 | AG15: https://ui.adsabs.harvard.edu/abs/2023A&A...671A..50B/abstract | AH15: Blanco-Pozo et al. 2023 | AI15: TICv8 | AJ15: 2023-01-23
A16: GJ 1289 b | B16: GJ 1289 | C16: 119588 | D16: GJ 1289 | E16: 1 | G16: 0.27 | H16: 111.74 | I16: 0 | K16: 150 | M16: 6.27 | N16: 3296 | O16: 0.21 | Q16: 0.02 | R16: Msini | S16: 0 | T16: Radial Velocity | U16: 2024 | V16: 27.238852 | W16: 26.51684 | X16: 2.7228447 | Y16: catalog identifier | Z16: 23.815826 | AA16: NASA default | AB16: 1 | AC16: 1 | AD16: 1 | AE16: Published Confirmed | AF16: Moutou et al. 2024 | AG16: https://ui.adsabs.harvard.edu/abs/2024A&A...688A.196M/abstract | AH16: Moutou et al. 2024 | AI16: TICv8 | AJ16: 2025-03-18
A17: GJ 15 A b | B17: GJ 15 A | C17: 1472 | D17: Groombridge 34 | E17: 1 | G17: 0.072 | H17: 11.4407 | I17: 0.094 | M17: 3.03 | N17: 3607 | O17: 0.38 | P17: 0.38 | Q17: -0.34 | R17: Msini | S17: 1 | T17: Radial Velocity | U17: 2014 | V17: 11.618603 | W17: 11.700208 | X17: 0.69746049 | Y17: catalog identifier | Z17: 52.31301 | AA17: NASA default | AB17: 3 | AC17: 2 | AD17: 2 | AE17: Published Confirmed | AF17: Pinamonti et al. 2018 | AG17: https://ui.adsabs.harvard.edu/abs/2018A&A...617A.104P/abstract | AH17: Pinamonti et al. 2018 | AI17: TICv8 | AJ17: 2019-10-02
A18: GJ 15 A c | B18: GJ 15 A | C18: 1472 | D18: Groombridge 34 | E18: 1 | G18: 5.4 | H18: 7600 | I18: 0.27 | M18: 36 | N18: 3607 | O18: 0.38 | P18: 0.38 | Q18: -0.34 | R18: Msini | S18: 0 | T18: Radial Velocity | U18: 2018 | V18: 11.618603 | W18: 11.700208 | X18: 0.69746049 | Y18: catalog identifier | Z18: 52.31301 | AA18: NASA default | AB18: 1 | AC18: 2 | AD18: 2 | AE18: Published Confirmed | AF18: Pinamonti et al. 2018 | AG18: https://ui.adsabs.harvard.edu/abs/2018A&A...617A.104P/abstract | AH18: Pinamonti et al. 2018 | AI18: TICv8 | AJ18: 2019-10-02
A19: GJ 229 A c | B19: GJ 229 | C19: 29222 | D19: Gl 229 | E19: 1 | G19: 0.384 | H19: 121.93268 | I19: 0.366 | M19: 8.581367 | O19: 0.509 | R19: Msini | S19: 1 | T19: Radial Velocity | U19: 2020 | V19: 18.774344 | W19: 18.765081 | X19: 0.049362116 | Y19: catalog identifier | Z19: 11.306649 | AA19: NASA default | AB19: 2 | AC19: 2 | AD19: 3 | AE19: Published Confirmed | AF19: Feng et al. 2022 | AG19: https://ui.adsabs.harvard.edu/abs/2022ApJS..262...21F/abstract | AH19: Feng et al. 2022 | AI19: TICv8 | AJ19: 2023-06-14
A20: GJ 229 b | B20: GJ 229 | C20: 29222 | D20: Gl 229 | E20: 1 | G20: 1.086 | H20: 579.47495 | I20: 0.404 | M20: 14.937935 | O20: 0.509 | R20: Msini | S20: 1 | T20: Radial Velocity | U20: 2014 | V20: 18.774344 | W20: 18.765081 | X20: 0.049362116 | Y20: catalog identifier | Z20: 11.306649 | AA20: NASA default | AB20: 3 | AC20: 2 | AD20: 3 | AE20: Published Confirmed | AF20: Feng et al. 2022 | AG20: https://ui.adsabs.harvard.edu/abs/2022ApJS..262...21F/abstract | AH20: Feng et al. 2022 | AI20: TICv8 | AJ20: 2023-06-14
A21: GJ 251 b | B21: GJ 251 | C21: 118447 | D21: Gl 251 | E21: 1 | G21: 0.0808 | H21: 14.237 | I21: 0 | J21: 2.37 | K21: 336 | M21: 3.85 | N21: 3342 | O21: 0.35 | P21: 0.36 | Q21: 0.07 | R21: Msini | S21: 0 | T21: Radial Velocity | U21: 2020 | V21: 18.201385 | W21: 18.787912 | X21: 3.1218318 | Y21: catalog identifier | Z21: 19.189104 | AA21: NASA default | AB21: 2 | AC21: 2 | AD21: 1 | AE21: Published Confirmed | AF21: Beard et al. 2025 | AG21: https://ui.adsabs.harvard.edu/abs/2025AJ....170..279B/abstract | AH21: Beard et al. 2025 | AI21: TICv8 | AJ21: 2025-10-30
A22: GJ 251 c | B22: GJ 251 | C22: 118447 | D22: Gl 251 | E22: 1 | G22: 0.196 | H22: 53.647 | I22: 0 | J22: 0.404 | K22: 216 | M22: 3.88 | N22: 3342 | O22: 0.35 | P22: 0.36 | Q22: 0.07 | R22: Msini | S22: 0 | T22: Radial Velocity | U22: 2025 | V22: 18.201385 | W22: 18.787912 | X22: 3.1218318 | Y22: catalog identifier | Z22: 19.189104 | AA22: NASA default | AB22: 1 | AC22: 2 | AD22: 1 | AE22: Published Confirmed | AF22: Beard et al. 2025 | AG22: https://ui.adsabs.harvard.edu/abs/2025AJ....170..279B/abstract | AH22: Beard et al. 2025 | AI22: TICv8 | AJ22: 2025-10-30
A23: GJ 273 b | B23: GJ 273 | C23: 36107 | D23: Luyten's Star | E23: 1 | G23: 0.091101 | H23: 18.6498 | I23: 0.1 | J23: 1.06 | M23: 2.89 | N23: 3382 | O23: 0.29 | P23: 0.293 | Q23: 0.09 | R23: Msini | S23: 0 | T23: Radial Velocity | U23: 2017 | V23: 19.313464 | W23: 12.402422 | X23: 55.723321 | Y23: catalog identifier | Z23: 0.097789962 | AA23: NASA default | AB23: 1 | AC23: 2 | AD23: 1 | AE23: Published Confirmed | AF23: Astudillo-Defru et al. 2017 | AG23: https://ui.adsabs.harvard.edu/abs/2017A&A...602A..88A/abstract | AH23: Astudillo-Defru et al. 2017 | AI23: TICv8 | AJ23: 2017-03-29
A24: GJ 273 c | B24: GJ 273 | C24: 36107 | D24: Luyten's Star | E24: 1 | G24: 0.036467 | H24: 4.7234 | I24: 0.17 | J24: 6.66 | M24: 1.18 | N24: 3382 | O24: 0.29 | P24: 0.293 | Q24: 0.09 | R24: Msini | S24: 0 | T24: Radial Velocity | U24: 2017 | V24: 19.313464 | W24: 12.402422 | X24: 55.723321 | Y24: catalog identifier | Z24: 0.097789962 | AA24: NASA default | AB24: 1 | AC24: 2 | AD24: 1 | AE24: Published Confirmed | AF24: Astudillo-Defru et al. 2017 | AG24: https://ui.adsabs.harvard.edu/abs/2017A&A...602A..88A/abstract | AH24: Astudillo-Defru et al. 2017 | AI24: TICv8 | AJ24: 2017-03-29
A25: GJ 3323 b | B25: GJ 3323 | C25: 118344 | D25: GJ 3323 | E25: 1 | G25: 0.03282 | H25: 5.3636 | I25: 0.23 | J25: 2.58 | M25: 2.02 | N25: 3159 | O25: 0.164 | P25: 0.119 | Q25: -0.27 | R25: Msini | S25: 0 | T25: Radial Velocity | U25: 2017 | V25: 17.530383 | W25: 20.009694 | X25: 12.390546 | Y25: catalog identifier | Z25: 12.506581 | AA25: NASA default | AB25: 1 | AC25: 2 | AD25: 1 | AE25: Published Confirmed | AF25: Astudillo-Defru et al. 2017 | AG25: https://ui.adsabs.harvard.edu/abs/2017A&A...602A..88A/abstract | AH25: Astudillo-Defru et al. 2017 | AI25: TICv8 | AJ25: 2017-03-29
A26: GJ 3323 c | B26: GJ 3323 | C26: 118344 | D26: GJ 3323 | E26: 1 | G26: 0.1264 | H26: 40.54 | I26: 0.17 | J26: 0.17 | M26: 2.31 | N26: 3159 | O26: 0.164 | P26: 0.119 | Q26: -0.27 | R26: Msini | S26: 0 | T26: Radial Velocity | U26: 2017 | V26: 17.530383 | W26: 20.009694 | X26: 12.390546 | Y26: catalog identifier | Z26: 12.506581 | AA26: NASA default | AB26: 1 | AC26: 2 | AD26: 1 | AE26: Published Confirmed | AF26: Astudillo-Defru et al. 2017 | AG26: https://ui.adsabs.harvard.edu/abs/2017A&A...602A..88A/abstract | AH26: Astudillo-Defru et al. 2017 | AI26: TICv8 | AJ26: 2017-03-29
A27: GJ 3378 b | B27: GJ 3378 | C27: 118405 | D27: GJ 3378 | E27: 1 | G27: 0.09673 | H27: 21.45 | I27: 0 | J27: 0.91 | K27: 272 | M27: 2.3 | N27: 3340 | O27: 0.262 | P27: 0.275 | Q27: -0.09 | R27: Msini | S27: 0 | T27: Radial Velocity | U27: 2026 | V27: 25.188209 | W27: 24.671447 | X27: 2.0945758 | Y27: catalog identifier | Z27: 28.603915 | AA27: NASA default | AB27: 2 | AC27: 1 | AD27: 1 | AE27: Published Confirmed | AF27: Robertson et al. 2026 | AG27: https://ui.adsabs.harvard.edu/abs/2026ApJ..1005...32R/abstract | AH27: Robertson et al. 2026 | AI27: TICv8 | AJ27: 2026-06-04
A28: GJ 338 B b | B28: GJ 338 B | C28: 45214 | D28: Gl 338B | E28: 1 | G28: 0.142 | H28: 24.422 | I28: 0.109 | M28: 10.6 | N28: 4014 | O28: 0.64 | P28: 0.58 | Q28: -0.03 | R28: Msini | S28: 0 | T28: Radial Velocity | U28: 2020 | V28: 20.654048 | W28: 20.847263 | X28: 0.92681248 | Y28: catalog identifier | Z28: 31.579368 | AA28: NASA default | AB28: 2 | AC28: 1 | AD28: 2 | AE28: Published Confirmed | AF28: DiTomasso et al. 2023 | AG28: https://ui.adsabs.harvard.edu/abs/2023AJ....165...38D/abstract | AH28: DiTomasso et al. 2023 | AI28: TICv8 | AJ28: 2023-01-18
A29: GJ 357 b | B29: GJ 357 | C29: 46970 | D29: Gl 357 | E29: 1 | G29: 0.036 | H29: 3.9306 | K29: 518 | L29: 1.2 | N29: 3505 | O29: 0.342 | P29: 0.337 | Q29: -0.12 | S29: 0 | T29: Transit | U29: 2019 | V29: 30.795065 | W29: 29.431047 | X29: 4.6346248 | Y29: catalog identifier | Z29: 15.521472 | AA29: NASA default | AB29: 6 | AC29: 3 | AD29: 1 | AE29: Published Confirmed | AF29: Oddo et al. 2023 | AG29: https://ui.adsabs.harvard.edu/abs/2023AJ....165..134O/abstract | AH29: Oddo et al. 2023 | AI29: TICv8 | AJ29: 2023-08-22
A30: GJ 357 c | B30: GJ 357 | C30: 46970 | D30: Gl 357 | E30: 1 | G30: 0.061 | H30: 9.1247 | J30: 4.45 | K30: 401.2 | M30: 3.4 | N30: 3505 | O30: 0.342 | P30: 0.337 | Q30: -0.12 | R30: Msini | S30: 0 | T30: Radial Velocity | U30: 2019 | V30: 30.795065 | W30: 29.431047 | X30: 4.6346248 | Y30: catalog identifier | Z30: 15.521472 | AA30: NASA default | AB30: 1 | AC30: 3 | AD30: 1 | AE30: Published Confirmed | AF30: Luque et al. 2019 | AG30: https://ui.adsabs.harvard.edu/abs/2019A&A...628A..39L/abstract | AH30: Luque et al. 2019 | AI30: TICv8 | AJ30: 2019-07-29
A31: GJ 357 d | B31: GJ 357 | C31: 46970 | D31: Gl 357 | E31: 1 | G31: 0.204 | H31: 55.661 | J31: 0.38 | K31: 219.6 | M31: 6.1 | N31: 3505 | O31: 0.342 | P31: 0.337 | Q31: -0.12 | R31: Msini | S31: 0 | T31: Radial Velocity | U31: 2019 | V31: 30.795065 | W31: 29.431047 | X31: 4.6346248 | Y31: catalog identifier | Z31: 15.521472 | AA31: NASA default | AB31: 1 | AC31: 3 | AD31: 1 | AE31: Published Confirmed | AF31: Luque et al. 2019 | AG31: https://ui.adsabs.harvard.edu/abs/2019A&A...628A..39L/abstract | AH31: Luque et al. 2019 | AI31: TICv8 | AJ31: 2019-07-29
A32: GJ 393 b | B32: GJ 393 | C32: 51172 | D32: Gl 393 | E32: 1 | G32: 0.05402 | H32: 7.02679 | J32: 9.21 | K32: 485 | M32: 1.71 | N32: 3579 | O32: 0.426 | P32: 0.426 | Q32: -0.09 | R32: Msini | S32: 0 | T32: Radial Velocity | U32: 2021 | V32: 22.933653 | W32: 23.049797 | X32: 0.5038842 | Y32: catalog identifier | Z32: 14.713859 | AA32: NASA default | AB32: 1 | AC32: 1 | AD32: 1 | AE32: Published Confirmed | AF32: Amado et al. 2021 | AG32: https://ui.adsabs.harvard.edu/abs/2021A&A...650A.188A/abstract | AH32: Amado et al. 2021 | AI32: TICv8 | AJ32: 2021-07-12
A33: GJ 411 b | B33: GJ 411 | C33: 53879 | D33: Lalande 21185 | E33: 1 | G33: 0.07879 | H33: 12.9394 | I33: 0.063 | M33: 2.69 | N33: 3719 | O33: 0.3899 | P33: 0.3685 | Q33: -0.3621 | R33: Msini | S33: 0 | T33: Radial Velocity | U33: 2019 | V33: 18.511896 | W33: 8.3068768 | X33: 122.85025 | Y33: catalog identifier | Z33: 8.7840391 | AA33: NASA default | AB33: 5 | AC33: 2 | AD33: 1 | AE33: Published Confirmed | AF33: Hurt et al. 2022 | AG33: https://ui.adsabs.harvard.edu/abs/2022AJ....163..218H/abstract | AH33: Hurt et al. 2022 | AI33: TICv8 | AJ33: 2022-05-24
A34: GJ 4274 b | B34: GJ 4274 | C34: 119492 | D34: GJ 4274 | E34: 1 | G34: 0.0153 | H34: 1.6339 | J34: 14.7 | M34: 2.97 | N34: 3228 | O34: 0.18 | P34: 0.19 | Q34: -0.19 | R34: Msini | S34: 0 | T34: Radial Velocity | U34: 2026 | V34: 23.59924 | W34: 24.321807 | X34: 2.97086 | Y34: catalog identifier | Z34: 14.356325 | AA34: NASA default | AB34: 1 | AC34: 2 | AD34: 1 | AE34: Published Confirmed | AF34: Charpentier et al. 2026 | AG34: https://ui.adsabs.harvard.edu/abs/2026A&A...705A.243C/abstract | AH34: Charpentier et al. 2026 | AI34: TICv8 | AJ34: 2026-02-12
A35: GJ 4274 c | B35: GJ 4274 | C35: 119492 | D35: GJ 4274 | E35: 1 | G35: 0.186 | H35: 69.57 | J35: 0.1 | M35: 8.39 | N35: 3228 | O35: 0.18 | P35: 0.19 | Q35: -0.19 | R35: Msini | S35: 0 | T35: Radial Velocity | U35: 2026 | V35: 23.59924 | W35: 24.321807 | X35: 2.97086 | Y35: catalog identifier | Z35: 14.356325 | AA35: NASA default | AB35: 1 | AC35: 2 | AD35: 1 | AE35: Published Confirmed | AF35: Charpentier et al. 2026 | AG35: https://ui.adsabs.harvard.edu/abs/2026A&A...705A.243C/abstract | AH35: Charpentier et al. 2026 | AI35: TICv8 | AJ35: 2026-02-12
A36: GJ 433 b | B36: GJ 433 | C36: 56359 | D36: Gl 433 | E36: 1 | G36: 0.062 | H36: 7.3705 | I36: 0.04 | M36: 6.043 | O36: 0.48 | R36: Msini | S36: 0 | T36: Radial Velocity | U36: 2013 | V36: 29.564641 | W36: 28.971166 | X36: 2.0484993 | Y36: catalog identifier | Z36: 13.22413 | AA36: NASA default | AB36: 4 | AC36: 3 | AD36: 1 | AE36: Published Confirmed | AF36: Feng et al. 2020 | AG36: https://ui.adsabs.harvard.edu/abs/2020ApJS..246...11F/abstract | AH36: Feng et al. 2020 | AI36: TICv8 | AJ36: 2020-02-06
A37: GJ 433 c | B37: GJ 433 | C37: 56359 | D37: Gl 433 | E37: 1 | G37: 4.819 | H37: 5094.105 | I37: 0.12 | M37: 32.422 | O37: 0.48 | R37: Msini | S37: 0 | T37: Radial Velocity | U37: 2014 | V37: 29.564641 | W37: 28.971166 | X37: 2.0484993 | Y37: catalog identifier | Z37: 13.22413 | AA37: NASA default | AB37: 2 | AC37: 3 | AD37: 1 | AE37: Published Confirmed | AF37: Feng et al. 2020 | AG37: https://ui.adsabs.harvard.edu/abs/2020ApJS..246...11F/abstract | AH37: Feng et al. 2020 | AI37: TICv8 | AJ37: 2020-02-07
A38: GJ 433 d | B38: GJ 433 | C38: 56359 | D38: Gl 433 | E38: 1 | G38: 0.178 | H38: 36.059 | I38: 0.07 | M38: 5.223 | O38: 0.48 | R38: Msini | S38: 0 | T38: Radial Velocity | U38: 2020 | V38: 29.564641 | W38: 28.971166 | X38: 2.0484993 | Y38: catalog identifier | Z38: 13.22413 | AA38: NASA default | AB38: 1 | AC38: 3 | AD38: 1 | AE38: Published Confirmed | AF38: Feng et al. 2020 | AG38: https://ui.adsabs.harvard.edu/abs/2020ApJS..246...11F/abstract | AH38: Feng et al. 2020 | AI38: TICv8 | AJ38: 2020-02-06
A39: GJ 486 b | B39: GJ 486 | C39: 62257 | D39: Gar | E39: 1 | G39: 0.01714 | H39: 1.4671213 | I39: 0.00086 | J39: 39.2 | K39: 696.3 | L39: 1.289 | M39: 2.77 | N39: 3317 | O39: 0.312 | P39: 0.3243 | Q39: -0.15 | R39: Mass | S39: 0 | T39: Radial Velocity | U39: 2021 | V39: 26.334714 | W39: 27.300267 | X39: 3.5367908 | Y39: catalog identifier | Z39: 17.302015 | AA39: NASA default | AB39: 4 | AC39: 1 | AD39: 1 | AE39: Published Confirmed | AF39: Weiner Mansfield et al. 2024 | AG39: https://ui.adsabs.harvard.edu/abs/2024ApJ...975L..22W/abstract | AH39: Weiner Mansfield et al. 2024 | AI39: TICv8 | AJ39: 2025-04-16
A40: GJ 514 b | B40: GJ 514 | C40: 65653 | D40: Gl 514 | E40: 1 | G40: 0.422 | H40: 140.43 | I40: 0.45 | J40: 0.28 | K40: 202 | M40: 5.2 | N40: 3728 | O40: 0.51 | P40: 0.5 | Q40: -0.14 | R40: Msini | S40: 0 | T40: Radial Velocity | U40: 2022 | V40: 24.845875 | W40: 24.96988 | X40: 0.49661694 | Y40: catalog identifier | Z40: 24.229312 | AA40: NASA default | AB40: 1 | AC40: 1 | AD40: 1 | AE40: Published Confirmed | AF40: Damasso et al. 2022 | AG40: https://ui.adsabs.harvard.edu/abs/2022A&A...666A.187D/abstract | AH40: Damasso et al. 2022 | AI40: TICv8 | AJ40: 2022-04-19
A41: GJ 581 b | B41: GJ 581 | C41: 74766 | D41: Gl 581 | E41: 1 | G41: 0.0399 | H41: 5.3686 | I41: 0.0342 | M41: 20.5 | N41: 3500 | O41: 0.295 | P41: 0.302 | Q41: -0.08 | R41: Mass | S41: 0 | T41: Radial Velocity | U41: 2005 | V41: 20.541655 | W41: 20.26964 | X41: 1.3419795 | Y41: catalog identifier | Z41: 19.063266 | AA41: NASA default | AB41: 7 | AC41: 3 | AD41: 1 | AE41: Published Confirmed | AF41: von Stauffenberg et al. 2024 | AG41: https://ui.adsabs.harvard.edu/abs/2024A&A...688A.112V/abstract | AH41: von Stauffenberg et al. 2024 | AI41: TICv8 | AJ41: 2025-03-03
A42: GJ 581 c | B42: GJ 581 | C42: 74766 | D42: Gl 581 | E42: 1 | G42: 0.0718 | H42: 12.9211 | I42: 0.032 | M42: 6.81 | N42: 3500 | O42: 0.295 | P42: 0.302 | Q42: -0.08 | R42: Mass | S42: 0 | T42: Radial Velocity | U42: 2007 | V42: 20.541655 | W42: 20.26964 | X42: 1.3419795 | Y42: catalog identifier | Z42: 19.063266 | AA42: NASA default | AB42: 6 | AC42: 3 | AD42: 1 | AE42: Published Confirmed | AF42: von Stauffenberg et al. 2024 | AG42: https://ui.adsabs.harvard.edu/abs/2024A&A...688A.112V/abstract | AH42: von Stauffenberg et al. 2024 | AI42: TICv8 | AJ42: 2025-03-03
A43: GJ 581 e | B43: GJ 581 | C43: 74766 | D43: Gl 581 | E43: 1 | G43: 0.02799 | H43: 3.1481 | I43: 0.012 | M43: 2.48 | N43: 3500 | O43: 0.295 | P43: 0.302 | Q43: -0.08 | R43: Mass | S43: 0 | T43: Radial Velocity | U43: 2009 | V43: 20.541655 | W43: 20.26964 | X43: 1.3419795 | Y43: catalog identifier | Z43: 19.063266 | AA43: NASA default | AB43: 5 | AC43: 3 | AD43: 1 | AE43: Published Confirmed | AF43: von Stauffenberg et al. 2024 | AG43: https://ui.adsabs.harvard.edu/abs/2024A&A...688A.112V/abstract | AH43: von Stauffenberg et al. 2024 | AI43: TICv8 | AJ43: 2025-03-03
A44: GJ 625 b | B44: GJ 625 | C44: 80218 | D44: Gl 625 | E44: 1 | G44: 0.078361 | H44: 14.628 | I44: 0.13 | M44: 2.82 | N44: 3499 | O44: 0.3 | P44: 0.31 | Q44: -0.38 | R44: Msini | S44: 0 | T44: Radial Velocity | U44: 2017 | V44: 21.110439 | W44: 21.253654 | X44: 0.67383832 | Y44: catalog identifier | Z44: 8.7057353 | AA44: NASA default | AB44: 1 | AC44: 1 | AD44: 1 | AE44: Published Confirmed | AF44: Suárez Mascareño et al. 2017 | AG44: https://ui.adsabs.harvard.edu/abs/2017A&A...605A..92S/abstract | AH44: Suárez Mascareño et al. 2017 | AI44: TICv8 | AJ44: 2017-09-27
A45: GJ 667 C b | B45: GJ 667 C | C45: 119144 | D45: Gl 667C | E45: 1 | H45: 7.203 | I45: 0.2 | S45: 0 | T45: Radial Velocity | U45: 2012 | V45: 23.626638 | W45: 22.736687 | X45: 3.9141599 | Y45: catalog identifier | Z45: 35.717222 | AA45: NASA default | AB45: 5 | AC45: 5 | AD45: 3 | AE45: Published Confirmed | AF45: Bonfils et al. 2013 | AG45: https://ui.adsabs.harvard.edu/abs/2013A%26A...549A.109B/abstract | AH45: Bonfils et al. 2013 | AI45: TICv8 | AJ45: 2023-12-14
A46: GJ 667 C c | B46: GJ 667 C | C46: 119144 | D46: Gl 667C | E46: 1 | G46: 0.125 | H46: 28.14 | I46: 0.02 | M46: 3.8 | N46: 3350 | O46: 0.33 | Q46: -0.55 | R46: Msini | S46: 0 | T46: Radial Velocity | U46: 2013 | V46: 23.626638 | W46: 22.736687 | X46: 3.9141599 | Y46: catalog identifier | Z46: 35.717222 | AA46: NASA default | AB46: 4 | AC46: 5 | AD46: 3 | AE46: Published Confirmed | AF46: Anglada-Escude et al. 2013 | AG46: https://ui.adsabs.harvard.edu/abs/2013A%26A...556A.126A/abstract | AH46: Anglada-Escude et al. 2013 | AI46: TICv8 | AJ46: 2014-05-14
A47: GJ 667 C e | B47: GJ 667 C | C47: 119144 | D47: Gl 667C | E47: 1 | G47: 0.213 | H47: 62.24 | I47: 0.02 | M47: 2.7 | N47: 3350 | O47: 0.33 | Q47: -0.55 | R47: Msini | S47: 1 | T47: Radial Velocity | U47: 2013 | V47: 23.626638 | W47: 22.736687 | X47: 3.9141599 | Y47: catalog identifier | Z47: 35.717222 | AA47: NASA default | AB47: 1 | AC47: 5 | AD47: 3 | AE47: Published Confirmed | AF47: Anglada-Escude et al. 2013 | AG47: https://ui.adsabs.harvard.edu/abs/2013A%26A...556A.126A/abstract | AH47: Anglada-Escude et al. 2013 | AI47: TICv8 | AJ47: 2014-05-14
A48: GJ 667 C f | B48: GJ 667 C | C48: 119144 | D48: Gl 667C | E48: 1 | G48: 0.156 | H48: 39.026 | I48: 0.03 | M48: 2.7 | N48: 3350 | O48: 0.33 | Q48: -0.55 | R48: Msini | S48: 1 | T48: Radial Velocity | U48: 2013 | V48: 23.626638 | W48: 22.736687 | X48: 3.9141599 | Y48: catalog identifier | Z48: 35.717222 | AA48: NASA default | AB48: 1 | AC48: 5 | AD48: 3 | AE48: Published Confirmed | AF48: Anglada-Escude et al. 2013 | AG48: https://ui.adsabs.harvard.edu/abs/2013A%26A...556A.126A/abstract | AH48: Anglada-Escude et al. 2013 | AI48: TICv8 | AJ48: 2014-05-14
A49: GJ 667 C g | B49: GJ 667 C | C49: 119144 | D49: Gl 667C | E49: 1 | G49: 0.549 | H49: 256.2 | I49: 0.08 | M49: 4.6 | N49: 3350 | O49: 0.33 | Q49: -0.55 | R49: Msini | S49: 1 | T49: Radial Velocity | U49: 2013 | V49: 23.626638 | W49: 22.736687 | X49: 3.9141599 | Y49: catalog identifier | Z49: 35.717222 | AA49: NASA default | AB49: 1 | AC49: 5 | AD49: 3 | AE49: Published Confirmed | AF49: Anglada-Escude et al. 2013 | AG49: https://ui.adsabs.harvard.edu/abs/2013A%26A...556A.126A/abstract | AH49: Anglada-Escude et al. 2013 | AI49: TICv8 | AJ49: 2014-05-14
A50: GJ 674 b | B50: GJ 674 | C50: 85264 | D50: Gl 674 | E50: 1 | G50: 0.039 | H50: 4.6938 | I50: 0.2 | M50: 11.09 | N50: 3600 | O50: 0.35 | Q50: -0.28 | R50: Msini | S50: 0 | T50: Radial Velocity | U50: 2007 | V50: 14.836723 | W50: 14.80913 | X50: 0.18632309 | Y50: catalog identifier | Z50: 17.192751 | AA50: NASA default | AB50: 1 | AC50: 1 | AD50: 1 | AE50: Published Confirmed | AF50: Bonfils et al. 2007 | AG50: https://ui.adsabs.harvard.edu/abs/2007A&A...474..293B/abstract | AH50: Bonfils et al. 2007 | AI50: TICv8 | AJ50: 2014-05-14
A51: GJ 682 b | B51: GJ 682 | C51: 85951 | D51: Gl 682 | E51: 1 | G51: 0.08 | H51: 17.478 | I51: 0.08 | M51: 4.4 | N51: 3028 | O51: 0.27 | R51: Msini | S51: 0 | T51: Radial Velocity | U51: 2014 | V51: 16.329704 | W51: 16.564504 | X51: 1.4174887 | Y51: catalog identifier | Z51: 19.26545 | AA51: NASA default | AB51: 1 | AC51: 2 | AD51: 1 | AE51: Published Confirmed | AF51: Tuomi et al. 2014 | AG51: https://ui.adsabs.harvard.edu/abs/2014MNRAS.441.1545T/abstract | AH51: Tuomi et al. 2014 | AI51: TICv8 | AJ51: 2019-10-04
A52: GJ 682 c | B52: GJ 682 | C52: 85951 | D52: Gl 682 | E52: 1 | G52: 0.176 | H52: 57.32 | I52: 0.1 | M52: 8.7 | N52: 3028 | O52: 0.27 | R52: Msini | S52: 0 | T52: Radial Velocity | U52: 2014 | V52: 16.329704 | W52: 16.564504 | X52: 1.4174887 | Y52: catalog identifier | Z52: 19.26545 | AA52: NASA default | AB52: 1 | AC52: 2 | AD52: 1 | AE52: Published Confirmed | AF52: Tuomi et al. 2014 | AG52: https://ui.adsabs.harvard.edu/abs/2014MNRAS.441.1545T/abstract | AH52: Tuomi et al. 2014 | AI52: TICv8 | AJ52: 2019-10-04
A53: GJ 687 b | B53: GJ 687 | C53: 85899 | D53: Gl 687 | E53: 1 | G53: 0.163 | H53: 38.142 | I53: 0.17 | M53: 17.2 | O53: 0.4 | R53: Msini | S53: 0 | T53: Radial Velocity | U53: 2014 | V53: 14.838126 | W53: 14.769013 | X53: 0.46795636 | Y53: catalog identifier | Z53: 20.803076 | AA53: NASA default | AB53: 4 | AC53: 2 | AD53: 1 | AE53: Published Confirmed | AF53: Feng et al. 2020 | AG53: https://ui.adsabs.harvard.edu/abs/2020ApJS..250...29F/abstract | AH53: Feng et al. 2020 | AI53: TICv8 | AJ53: 2020-09-08
A54: GJ 687 c | B54: GJ 687 | C54: 85899 | D54: Gl 687 | E54: 1 | G54: 1.165 | H54: 727.562 | I54: 0.4 | M54: 16 | O54: 0.4 | R54: Msini | S54: 0 | T54: Radial Velocity | U54: 2020 | V54: 14.838126 | W54: 14.769013 | X54: 0.46795636 | Y54: catalog identifier | Z54: 20.803076 | AA54: NASA default | AB54: 1 | AC54: 2 | AD54: 1 | AE54: Published Confirmed | AF54: Feng et al. 2020 | AG54: https://ui.adsabs.harvard.edu/abs/2020ApJS..250...29F/abstract | AH54: Feng et al. 2020 | AI54: TICv8 | AJ54: 2020-09-08
A55: GJ 832 b | B55: GJ 832 | C55: 106098 | D55: Gl 832 | E55: 1 | G55: 3.7 | H55: 3853 | I55: 0.05 | M55: 314.65012 | O55: 0.45 | R55: Mass | S55: 0 | T55: Radial Velocity | U55: 2008 | V55: 16.191544 | W55: 16.156808 | X55: 0.21499081 | Y55: catalog identifier | Z55: 12.666758 | AA55: NASA default | AB55: 6 | AC55: 1 | AD55: 1 | AE55: Published Confirmed | AF55: Philipot et al. 2023 | AG55: https://ui.adsabs.harvard.edu/abs/2023A&A...678A.107P/abstract | AH55: Philipot et al. 2023 | AI55: TICv8 | AJ55: 2023-09-05
A56: GJ 849 b | B56: GJ 849 | C56: 109042 | D56: Gl 849 | E56: 1 | G56: 2.32 | H56: 1925.31 | I56: 0.029 | M56: 283.82077 | N56: 3467 | O56: 0.45 | P56: 0.45 | Q56: 0.09 | R56: Msini | S56: 0 | T56: Radial Velocity | U56: 2006 | V56: 28.703653 | W56: 29.666858 | X56: 3.2467375 | Y56: catalog identifier | Z56: 17.545876 | AA56: NASA default | AB56: 7 | AC56: 2 | AD56: 1 | AE56: Published Confirmed | AF56: Pinamonti et al. 2023 | AG56: https://ui.adsabs.harvard.edu/abs/2023A&A...677A.122P/abstract | AH56: Pinamonti et al. 2023 | AI56: TICv8 | AJ56: 2023-07-10
A57: GJ 849 c | B57: GJ 849 | C57: 109042 | D57: Gl 849 | E57: 1 | G57: 4.95 | H57: 5990 | I57: 0.092 | M57: 314.65012 | N57: 3467 | O57: 0.45 | P57: 0.45 | Q57: 0.09 | R57: Msini | S57: 0 | T57: Radial Velocity | U57: 2014 | V57: 28.703653 | W57: 29.666858 | X57: 3.2467375 | Y57: catalog identifier | Z57: 17.545876 | AA57: NASA default | AB57: 3 | AC57: 2 | AD57: 1 | AE57: Published Confirmed | AF57: Pinamonti et al. 2023 | AG57: https://ui.adsabs.harvard.edu/abs/2023A&A...677A.122P/abstract | AH57: Pinamonti et al. 2023 | AI57: TICv8 | AJ57: 2023-10-21
A58: GJ 876 b | B58: GJ 876 | C58: 112660 | D58: Gl 876 | E58: 1 | G58: 0.208317 | H58: 61.1166 | I58: 0.0324 | M58: 723.2235 | O58: 0.32 | P58: 0.3 | R58: Mass | S58: 0 | T58: Radial Velocity | U58: 1998 | V58: 15.248365 | W58: 15.292494 | X58: 0.28856613 | Y58: catalog identifier | Z58: 18.320634 | AA58: NASA default | AB58: 9 | AC58: 4 | AD58: 1 | AE58: Published Confirmed | AF58: Rivera et al. 2010 | AG58: https://ui.adsabs.harvard.edu/abs/2010ApJ...719..890R/abstract | AH58: Rivera et al. 2010 | AI58: TICv8 | AJ58: 2014-08-27
A59: GJ 876 c | B59: GJ 876 | C59: 112660 | D59: Gl 876 | E59: 1 | G59: 0.12959 | H59: 30.0881 | I59: 0.25591 | M59: 226.9846 | O59: 0.32 | P59: 0.3 | R59: Mass | S59: 0 | T59: Radial Velocity | U59: 2000 | V59: 15.248365 | W59: 15.292494 | X59: 0.28856613 | Y59: catalog identifier | Z59: 18.320634 | AA59: NASA default | AB59: 7 | AC59: 4 | AD59: 1 | AE59: Published Confirmed | AF59: Rivera et al. 2010 | AG59: https://ui.adsabs.harvard.edu/abs/2010ApJ...719..890R/abstract | AH59: Rivera et al. 2010 | AI59: TICv8 | AJ59: 2014-08-27
A60: GJ 876 d | B60: GJ 876 | C60: 112660 | D60: Gl 876 | E60: 1 | G60: 0.02080665 | H60: 1.93778 | I60: 0.207 | M60: 6.83 | O60: 0.32 | P60: 0.3 | R60: Mass | S60: 0 | T60: Radial Velocity | U60: 2005 | V60: 15.248365 | W60: 15.292494 | X60: 0.28856613 | Y60: catalog identifier | Z60: 18.320634 | AA60: NASA default | AB60: 7 | AC60: 4 | AD60: 1 | AE60: Published Confirmed | AF60: Rivera et al. 2010 | AG60: https://ui.adsabs.harvard.edu/abs/2010ApJ...719..890R/abstract | AH60: Rivera et al. 2010 | AI60: TICv8 | AJ60: 2014-08-27
A61: GJ 876 e | B61: GJ 876 | C61: 112660 | D61: Gl 876 | E61: 1 | G61: 0.3343 | H61: 124.26 | I61: 0.055 | M61: 14.6 | O61: 0.32 | P61: 0.3 | R61: Mass | S61: 0 | T61: Radial Velocity | U61: 2010 | V61: 15.248365 | W61: 15.292494 | X61: 0.28856613 | Y61: catalog identifier | Z61: 18.320634 | AA61: NASA default | AB61: 3 | AC61: 4 | AD61: 1 | AE61: Published Confirmed | AF61: Rivera et al. 2010 | AG61: https://ui.adsabs.harvard.edu/abs/2010ApJ...719..890R/abstract | AH61: Rivera et al. 2010 | AI61: TICv8 | AJ61: 2014-08-27
A62: GJ 887 b | B62: GJ 887 | C62: 113687 | D62: Lacaille 9352 | E62: 1 | G62: 0.0683 | H62: 9.2619 | I62: 0.14 | J62: 7.8 | K62: 426 | M62: 3.9 | N62: 3688 | O62: 0.495 | P62: 0.468 | Q62: -0.06 | R62: Msini | S62: 0 | T62: Radial Velocity | U62: 2020 | V62: 10.720075 | W62: 10.684557 | X62: 0.33242773 | Y62: catalog identifier | Z62: 117.92764 | AA62: NASA default | AB62: 3 | AC62: 4 | AD62: 1 | AE62: Published Confirmed | AF62: Hartogh et al. 2026 | AG62: https://ui.adsabs.harvard.edu/abs/2026A&A...707A..93H/abstract | AH62: Hartogh et al. 2026 | AI62: TICv8 | AJ62: 2026-02-26
A63: GJ 887 c | B63: GJ 887 | C63: 113687 | D63: Lacaille 9352 | E63: 1 | G63: 0.121 | H63: 21.784 | I63: 0.17 | J63: 2.5 | K63: 320 | M63: 6.5 | N63: 3688 | O63: 0.495 | P63: 0.468 | Q63: -0.06 | R63: Msini | S63: 0 | T63: Radial Velocity | U63: 2020 | V63: 10.720075 | W63: 10.684557 | X63: 0.33242773 | Y63: catalog identifier | Z63: 117.92764 | AA63: NASA default | AB63: 3 | AC63: 4 | AD63: 1 | AE63: Published Confirmed | AF63: Hartogh et al. 2026 | AG63: https://ui.adsabs.harvard.edu/abs/2026A&A...707A..93H/abstract | AH63: Hartogh et al. 2026 | AI63: TICv8 | AJ63: 2026-02-26
A64: GJ 887 d | B64: GJ 887 | C64: 113687 | D64: Lacaille 9352 | E64: 1 | G64: 0.212 | H64: 50.77 | J64: 0.81 | K64: 241 | M64: 6.1 | N64: 3688 | O64: 0.495 | P64: 0.468 | Q64: -0.06 | R64: Msini | S64: 0 | T64: Radial Velocity | U64: 2026 | V64: 10.720075 | W64: 10.684557 | X64: 0.33242773 | Y64: catalog identifier | Z64: 117.92764 | AA64: NASA default | AB64: 1 | AC64: 4 | AD64: 1 | AE64: Published Confirmed | AF64: Hartogh et al. 2026 | AG64: https://ui.adsabs.harvard.edu/abs/2026A&A...707A..93H/abstract | AH64: Hartogh et al. 2026 | AI64: TICv8 | AJ64: 2026-02-26
A65: GJ 887 e | B65: GJ 887 | C65: 113687 | D65: Lacaille 9352 | E65: 1 | G65: 0.0417 | H65: 4.4249 | J65: 20.9 | K65: 544 | M65: 1.46 | N65: 3688 | O65: 0.495 | P65: 0.468 | Q65: -0.06 | R65: Msini | S65: 0 | T65: Radial Velocity | U65: 2026 | V65: 10.720075 | W65: 10.684557 | X65: 0.33242773 | Y65: catalog identifier | Z65: 117.92764 | AA65: NASA default | AB65: 1 | AC65: 4 | AD65: 1 | AE65: Published Confirmed | AF65: Hartogh et al. 2026 | AG65: https://ui.adsabs.harvard.edu/abs/2026A&A...707A..93H/abstract | AH65: Hartogh et al. 2026 | AI65: TICv8 | AJ65: 2026-02-26
A66: GJ 896 A b | B66: GJ 896 A | C66: 115766 | D66: Gl 896A | E66: 1 | G66: 0.63965 | H66: 284.39 | I66: 0.35 | M66: 718.2922 | O66: 0.43599 | R66: Mass | S66: 0 | T66: Astrometry | U66: 2022 | V66: 20.418107 | W66: 20.162987 | X66: 1.2652863 | Y66: catalog identifier | Z66: 9.2296197 | AA66: NASA default | AB66: 1 | AC66: 1 | AD66: 2 | AE66: Published Confirmed | AF66: Curiel et al. 2022 | AG66: https://ui.adsabs.harvard.edu/abs/2022AJ....164...93C/abstract | AH66: Curiel et al. 2022 | AI66: TICv8 | AJ66: 2022-09-14
A67: GJ 9066 c | B67: GJ 9066 | C67: 118100 | D67: Gl 83.1 | E67: 1 | G67: 0.88 | H67: 771.36 | I67: 0.46 | M67: 66.743965 | N67: 3154 | O67: 0.15 | P67: 0.164 | Q67: -0.13 | R67: Msini | S67: 0 | T67: Radial Velocity | U67: 2020 | V67: 14.582452 | W67: 14.573645 | X67: 0.060425665 | Y67: verified alias | Z67: 36.644818 | AA67: NASA default | AB67: 2 | AC67: 1 | AD67: 1 | AE67: Published Confirmed | AF67: Quirrenbach et al. 2022 | AG67: https://ui.adsabs.harvard.edu/abs/2022A&A...663A..48Q/abstract | AH67: Quirrenbach et al. 2022 | AI67: TICv8 | AJ67: 2022-05-03
A68: Gl 686 b | B68: Gl 686 | C68: 86022 | D68: Gl 686 | E68: 1 | G68: 0.091 | H68: 15.53 | I68: 0.05 | M68: 6.624 | N68: 3656 | O68: 0.426 | P68: 0.427 | Q68: -0.23 | R68: Msini | S68: 0 | T68: Radial Velocity | U68: 2018 | V68: 26.605489 | W68: 26.373005 | X68: 0.88152362 | Y68: catalog identifier | Z68: 21.254702 | AA68: NASA default | AB68: 3 | AC68: 1 | AD68: 1 | AE68: Published Confirmed | AF68: Burt et al. 2021 | AG68: https://ui.adsabs.harvard.edu/abs/2021AJ....161...10B/abstract | AH68: Burt et al. 2021 | AI68: TICv8 | AJ68: 2020-12-10
A69: Gl 725 A b | B69: Gl 725 A | C69: 91484 | D69: Struve 2398 A | E69: 1 | G69: 0.068 | H69: 11.2201 | I69: 0 | M69: 2.78 | N69: 3433 | O69: 0.33 | P69: 0.351 | Q69: -0.19 | R69: Msini | S69: 0 | T69: Radial Velocity | U69: 2025 | V69: 11.485271 | W69: 11.640847 | X69: 1.3364714 | Y69: catalog identifier | Z69: 37.998399 | AA69: NASA default | AB69: 1 | AC69: 2 | AD69: 2 | AE69: Published Confirmed | AF69: Cortés-Zuleta et al. 2025 | AG69: https://ui.adsabs.harvard.edu/abs/2025A&A...693A.164C/abstract | AH69: Cortés-Zuleta et al. 2025 | AI69: TICv8 | AJ69: 2025-02-24
A70: Gl 725 B c | B70: Gl 725 B | C70: 91487 | D70: Struve 2398 B | E70: 1 | G70: 0.139 | H70: 37.9 | K70: 215 | M70: 3.4 | N70: 3379 | O70: 0.25 | P70: 0.28 | Q70: -0.28 | R70: Msini | S70: 0 | T70: Radial Velocity | U70: 2026 | V70: 22.316784 | W70: 11.267072 | X70: 98.070835 | Y70: catalog identifier | Z70: 6.2036936 | AA70: NASA default | AB70: 1 | AC70: 2 | AD70: 2 | AE70: Published Confirmed | AF70: Ould-Elhkim et al. 2026 | AG70: https://ui.adsabs.harvard.edu/abs/2026A&A...705A.234O/abstract | AH70: Ould-Elhkim et al. 2026 | AI70: TICv8 | AJ70: 2026-08-20
A71: Gliese 48 b | B71: Gliese 48 | C71: 4847 | D71: Gl 48 | E71: 1 | G71: 0.1752 | H71: 39.6299 | I71: 0 | J71: 0.89 | K71: 271 | M71: 8.11 | N71: 3450 | O71: 0.47 | P71: 0.463 | R71: Msini | S71: 0 | T71: Radial Velocity | U71: 2026 | V71: 26.854607 | W71: 26.864196 | X71: 0.03569434 | Y71: catalog identifier | Z71: 38.021488 | AA71: NASA default | AB71: 1 | AC71: 1 | AD71: 1 | AE71: Published Confirmed | AF71: Conzo et al. 2026 | AG71: https://ui.adsabs.harvard.edu/abs/2026OEJV..273....1C/abstract | AH71: Conzo et al. 2026 | AI71: TICv8 | AJ71: 2026-07-30
A72: HD 180617 b | B72: HD 180617 | C72: 94466 | D72: Gl 752A | E72: 1 | G72: 0.343 | H72: 105.911 | I72: 0.101 | M72: 12.214 | N72: 3534 | O72: 0.484 | P72: 0.481 | Q72: -0.04 | R72: Msini | S72: 0 | T72: Radial Velocity | U72: 2018 | V72: 19.277766 | W72: 19.145053 | X72: 0.6931975 | Y72: catalog identifier | Z72: 22.543698 | AA72: NASA default | AB72: 2 | AC72: 1 | AD72: 2 | AE72: Published Confirmed | AF72: Burt et al. 2021 | AG72: https://ui.adsabs.harvard.edu/abs/2021AJ....161...10B/abstract | AH72: Burt et al. 2021 | AI72: TICv8 | AJ72: 2020-12-10
A73: HD 192310 b | B73: HD 192310 | C73: 99507 | D73: Gl 785 | E73: 1 | G73: 0.32 | H73: 74.72 | I73: 0.13 | K73: 355 | M73: 16.9 | N73: 5166 | O73: 0.8 | Q73: -0.04 | R73: Msin(i)/sin(i) | S73: 0 | T73: Radial Velocity | U73: 2011 | V73: 28.691553 | W73: 29.064121 | X73: 1.2818844 | Y73: catalog identifier | Z73: 20.653494 | AA73: NASA default | AB73: 4 | AC73: 2 | AD73: 1 | AE73: Published Confirmed | AF73: Pepe et al. 2011 | AG73: https://ui.adsabs.harvard.edu/abs/2011A%26A...534A..58P/abstract | AH73: Pepe et al. 2011 | AI73: TICv8 | AJ73: 2015-07-01
A74: HD 192310 c | B74: HD 192310 | C74: 99507 | D74: Gl 785 | E74: 1 | G74: 1.18 | H74: 525.8 | I74: 0.32 | K74: 185 | M74: 24 | N74: 5166 | O74: 0.8 | Q74: -0.04 | R74: Msin(i)/sin(i) | S74: 0 | T74: Radial Velocity | U74: 2011 | V74: 28.691553 | W74: 29.064121 | X74: 1.2818844 | Y74: catalog identifier | Z74: 20.653494 | AA74: NASA default | AB74: 2 | AC74: 2 | AD74: 1 | AE74: Published Confirmed | AF74: Pepe et al. 2011 | AG74: https://ui.adsabs.harvard.edu/abs/2011A%26A...534A..58P/abstract | AH74: Pepe et al. 2011 | AI74: TICv8 | AJ74: 2015-07-01
A75: HD 20794 b | B75: HD 20794 | C75: 15471 | D75: 82 G. Eri | E75: 1 | G75: 0.1257 | H75: 18.314 | I75: 0.064 | M75: 2.15 | N75: 5368 | O75: 0.79 | P75: 0.93 | Q75: -0.42 | R75: Msini | S75: 0 | T75: Radial Velocity | U75: 2011 | V75: 19.57845 | W75: 19.710935 | X75: 0.6721382 | Y75: catalog identifier | Z75: 55.353823 | AA75: NASA default | AB75: 4 | AC75: 4 | AD75: 1 | AE75: Published Confirmed | AF75: Nari et al. 2025 | AG75: https://ui.adsabs.harvard.edu/abs/2025A&A...693A.297N/abstract | AH75: Nari et al. 2025 | AI75: TICv8 | AJ75: 2025-02-12
A76: HD 20794 d | B76: HD 20794 | C76: 15471 | D76: 82 G. Eri | E76: 1 | G76: 0.3625 | H76: 89.68 | I76: 0.077 | M76: 2.98 | N76: 5368 | O76: 0.79 | P76: 0.93 | Q76: -0.42 | R76: Msini | S76: 0 | T76: Radial Velocity | U76: 2011 | V76: 19.57845 | W76: 19.710935 | X76: 0.6721382 | Y76: catalog identifier | Z76: 55.353823 | AA76: NASA default | AB76: 4 | AC76: 4 | AD76: 1 | AE76: Published Confirmed | AF76: Nari et al. 2025 | AG76: https://ui.adsabs.harvard.edu/abs/2025A&A...693A.297N/abstract | AH76: Nari et al. 2025 | AI76: TICv8 | AJ76: 2025-02-12
A77: HD 20794 e | B77: HD 20794 | C77: 15471 | D77: 82 G. Eri | E77: 1 | G77: 0.509 | H77: 147.02 | I77: 0.29 | M77: 4.77 | O77: 0.813 | R77: Msini | S77: 1 | T77: Radial Velocity | U77: 2017 | V77: 19.57845 | W77: 19.710935 | X77: 0.6721382 | Y77: catalog identifier | Z77: 55.353823 | AA77: NASA default | AB77: 1 | AC77: 4 | AD77: 1 | AE77: Published Confirmed | AF77: Feng et al. 2017 | AG77: https://ui.adsabs.harvard.edu/abs/2017A&A...605A.103F/abstract | AH77: Feng et al. 2017 | AI77: TICv8 | AJ77: 2017-06-06
A78: HD 20794 f | B78: HD 20794 | C78: 15471 | D78: 82 G. Eri | E78: 1 | G78: 1.3541 | H78: 647.6 | I78: 0.45 | M78: 5.82 | N78: 5368 | O78: 0.79 | P78: 0.93 | Q78: -0.42 | R78: Msini | S78: 0 | T78: Radial Velocity | U78: 2025 | V78: 19.57845 | W78: 19.710935 | X78: 0.6721382 | Y78: catalog identifier | Z78: 55.353823 | AA78: NASA default | AB78: 1 | AC78: 4 | AD78: 1 | AE78: Published Confirmed | AF78: Nari et al. 2025 | AG78: https://ui.adsabs.harvard.edu/abs/2025A&A...693A.297N/abstract | AH78: Nari et al. 2025 | AI78: TICv8 | AJ78: 2025-02-12
A79: HD 219134 b | B79: HD 219134 | C79: 114260 | D79: Gl 892 | E79: 1 | G79: 0.03876 | H79: 3.092926 | I79: 0 | J79: 176.2 | K79: 1015 | L79: 1.602 | M79: 4.74 | N79: 4699 | O79: 0.81 | P79: 0.778 | Q79: 0.11 | R79: Mass | S79: 0 | T79: Radial Velocity | U79: 2015 | V79: 21.302154 | W79: 21.350849 | X79: 0.22807125 | Y79: catalog identifier | Z79: 40.723286 | AA79: NASA default | AB79: 8 | AC79: 6 | AD79: 1 | AE79: Published Confirmed | AF79: Gillon et al. 2017 | AG79: https://ui.adsabs.harvard.edu/abs/2017NatAs...1E..56G/abstract | AH79: Gillon et al. 2017 | AI79: TICv8 | AJ79: 2017-03-14
A80: HD 219134 c | B80: HD 219134 | C80: 114260 | D80: Gl 892 | E80: 1 | G80: 0.0653 | H80: 6.76458 | I80: 0.062 | J80: 62.1 | K80: 782 | L80: 1.511 | M80: 4.36 | N80: 4699 | O80: 0.81 | P80: 0.778 | Q80: 0.11 | R80: Mass | S80: 0 | T80: Radial Velocity | U80: 2015 | V80: 21.302154 | W80: 21.350849 | X80: 0.22807125 | Y80: catalog identifier | Z80: 40.723286 | AA80: NASA default | AB80: 7 | AC80: 6 | AD80: 1 | AE80: Published Confirmed | AF80: Gillon et al. 2017 | AG80: https://ui.adsabs.harvard.edu/abs/2017NatAs...1E..56G/abstract | AH80: Gillon et al. 2017 | AI80: TICv8 | AJ80: 2017-03-14
A81: HD 219134 d | B81: HD 219134 | C81: 114260 | D81: Gl 892 | E81: 1 | F81: radius_earth: lower limit; mass_or_msini_earth: lower limit | G81: 0.237 | H81: 46.859 | I81: 0.138 | J81: 4.72 | K81: 410.5 | L81: 1.61 | M81: 16.17 | N81: 4699 | O81: 0.81 | P81: 0.778 | Q81: 0.11 | R81: Mass | S81: 0 | T81: Radial Velocity | U81: 2015 | V81: 21.302154 | W81: 21.350849 | X81: 0.22807125 | Y81: catalog identifier | Z81: 40.723286 | AA81: NASA default | AB81: 5 | AC81: 6 | AD81: 1 | AE81: Published Confirmed | AF81: Gillon et al. 2017 | AG81: https://ui.adsabs.harvard.edu/abs/2017NatAs...1E..56G/abstract | AH81: Gillon et al. 2017 | AI81: TICv8 | AJ81: 2017-03-14
A82: HD 219134 f | B82: HD 219134 | C82: 114260 | D82: Gl 892 | E82: 1 | F82: radius_earth: lower limit; mass_or_msini_earth: lower limit | G82: 0.1463 | H82: 22.717 | I82: 0.148 | J82: 12.38 | K82: 522.6 | L82: 1.31 | M82: 7.3 | N82: 4699 | O82: 0.81 | P82: 0.778 | Q82: 0.11 | R82: Mass | S82: 1 | T82: Radial Velocity | U82: 2015 | V82: 21.302154 | W82: 21.350849 | X82: 0.22807125 | Y82: catalog identifier | Z82: 40.723286 | AA82: NASA default | AB82: 4 | AC82: 6 | AD82: 1 | AE82: Published Confirmed | AF82: Gillon et al. 2017 | AG82: https://ui.adsabs.harvard.edu/abs/2017NatAs...1E..56G/abstract | AH82: Gillon et al. 2017 | AI82: TICv8 | AJ82: 2017-03-14
A83: HD 219134 g | B83: HD 219134 | C83: 114260 | D83: Gl 892 | E83: 1 | G83: 0.3753 | H83: 94.2 | I83: 0 | M83: 10.80622 | N83: 4913 | O83: 0.794 | P83: 0.77 | Q83: 0.08 | R83: Msini | S83: 1 | T83: Radial Velocity | U83: 2015 | V83: 21.302154 | W83: 21.350849 | X83: 0.22807125 | Y83: catalog identifier | Z83: 40.723286 | AA83: NASA default | AB83: 1 | AC83: 6 | AD83: 1 | AE83: Published Confirmed | AF83: Vogt et al. 2015 | AG83: https://ui.adsabs.harvard.edu/abs/2015ApJ...814...12V/abstract | AH83: Vogt et al. 2015 | AI83: TICv8 | AJ83: 2015-11-18
A84: HD 219134 h | B84: HD 219134 | C84: 114260 | D84: Gl 892 | E84: 1 | G84: 3.11 | H84: 2247 | I84: 0.06 | M84: 108.0622 | N84: 4913 | O84: 0.794 | P84: 0.77 | Q84: 0.08 | R84: Msini | S84: 0 | T84: Radial Velocity | U84: 2015 | V84: 21.302154 | W84: 21.350849 | X84: 0.22807125 | Y84: catalog identifier | Z84: 40.723286 | AA84: NASA default | AB84: 5 | AC84: 6 | AD84: 1 | AE84: Published Confirmed | AF84: Vogt et al. 2015 | AG84: https://ui.adsabs.harvard.edu/abs/2015ApJ...814...12V/abstract | AH84: Vogt et al. 2015 | AI84: TICv8 | AJ84: 2015-11-18
A85: HD 95735 c | B85: GJ 411 | C85: 53879 | D85: Lalande 21185 | E85: 1 | G85: 2.94 | H85: 2946 | I85: 0.132 | M85: 13.6 | N85: 3719 | O85: 0.3899 | P85: 0.3685 | Q85: -0.3621 | R85: Msini | S85: 0 | T85: Radial Velocity | U85: 2021 | V85: 18.511896 | W85: 8.3068768 | X85: 122.85025 | Y85: catalog identifier | Z85: 8.7840391 | AA85: NASA default | AB85: 3 | AC85: 2 | AD85: 1 | AE85: Published Confirmed | AF85: Hurt et al. 2022 | AG85: https://ui.adsabs.harvard.edu/abs/2022AJ....163..218H/abstract | AH85: Hurt et al. 2022 | AI85: TICv8 | AJ85: 2022-05-24
A86: HN Lib b | B86: HN Lib | C86: 71027 | D86: Gl 555 | E86: 1 | G86: 0.1417 | H86: 36.116 | I86: 0.079 | J86: 0.503 | K86: 234.4 | M86: 5.46 | N86: 3347 | O86: 0.291 | P86: 0.299 | Q86: -0.18 | R86: Msini | S86: 0 | T86: Radial Velocity | U86: 2023 | V86: 20.366574 | W86: 19.768338 | X86: 3.0262333 | Y86: catalog identifier | Z86: 10.739074 | AA86: NASA default | AB86: 1 | AC86: 1 | AD86: 1 | AE86: Published Confirmed | AF86: González-Álvarez et al. 2023 | AG86: https://ui.adsabs.harvard.edu/abs/2023A&A...675A.141G/abstract | AH86: González-Álvarez et al. 2023 | AI86: TICv8 | AJ86: 2023-08-07
A87: Kapteyn c | B87: Kapteyn | C87: 24129 | D87: Kapteyn's Star | E87: 1 | G87: 0.311 | H87: 121.54 | I87: 0.23 | M87: 7 | N87: 3550 | O87: 0.281 | P87: 0.291 | Q87: -0.89 | R87: Msini | S87: 1 | T87: Radial Velocity | U87: 2014 | V87: 12.827893 | W87: 12.757281 | X87: 0.55351025 | Y87: verified alias | Z87: 147.02705 | AA87: NASA default | AB87: 1 | AC87: 1 | AD87: 1 | AE87: Published Confirmed | AF87: Anglada-Escudé et al. 2014 | AG87: https://ui.adsabs.harvard.edu/abs/2014MNRAS.443L..89A/abstract | AH87: Anglada-Escudé et al. 2014 | AI87: TICv8 | AJ87: 2014-06-04
A88: Proxima Cen b | B88: Proxima Cen | C88: 70666 | D88: Proxima Centauri | E88: 1 | G88: 0.04848 | H88: 11.18465 | I88: 0 | J88: 0.641 | K88: 218 | M88: 1.055 | N88: 2900 | O88: 0.1221 | P88: 0.141 | R88: Msini | S88: 0 | T88: Radial Velocity | U88: 2016 | V88: 4.2439142 | W88: 4.2266605 | X88: 0.40821051 | Y88: verified alias | Z88: 77.438682 | AA88: NASA default | AB88: 5 | AC88: 2 | AD88: 3 | AE88: Published Confirmed | AF88: Suárez Mascareño et al. 2025 | AG88: https://ui.adsabs.harvard.edu/abs/2025A&A...700A..11M/abstract | AH88: Suárez Mascareño et al. 2025 | AI88: TICv8 | AJ88: 2025-07-29
A89: Proxima Cen d | B89: Proxima Cen | C89: 70666 | D89: Proxima Centauri | E89: 1 | G89: 0.02881 | H89: 5.12338 | I89: 0 | J89: 1.814 | K89: 282 | M89: 0.26 | N89: 2900 | O89: 0.1221 | P89: 0.141 | R89: Msini | S89: 0 | T89: Radial Velocity | U89: 2025 | V89: 4.2439142 | W89: 4.2266605 | X89: 0.40821051 | Y89: verified alias | Z89: 77.438682 | AA89: NASA default | AB89: 2 | AC89: 2 | AD89: 3 | AE89: Published Confirmed | AF89: Suárez Mascareño et al. 2025 | AG89: https://ui.adsabs.harvard.edu/abs/2025A&A...700A..11M/abstract | AH89: Suárez Mascareño et al. 2025 | AI89: TICv8 | AJ89: 2025-07-29
A90: RR Cae b | B90: RR Cae | C90: 118293 | D90: GJ 2034 | E90: 1 | G90: 5.3 | H90: 4343.5 | I90: 0 | M90: 1334.886 | O90: 0.44 | R90: Msini | S90: 1 | T90: Eclipse Timing Variations | U90: 2012 | V90: 69.117755 | W90: 26.51684 | X90: 160.65608 | Y90: verified alias | Z90: 49.7818 | AA90: NASA default | AB90: 1 | AC90: 1 | AD90: 2 | AE90: Published Confirmed | AF90: Qian et al. 2012 | AG90: https://ui.adsabs.harvard.edu/abs/2012MNRAS.422L..24Q/abstract | AH90: Qian et al. 2012 | AI90: TICv8 | AJ90: 2015-08-26
A91: Ross 128 b | B91: Ross 128 | C91: 57375 | D91: Ross 128 | E91: 1 | G91: 0.0496 | H91: 9.8658 | I91: 0.116 | J91: 1.38 | K91: 301 | M91: 1.4 | N91: 3192 | O91: 0.168 | P91: 0.1967 | Q91: -0.02 | R91: Msini | S91: 0 | T91: Radial Velocity | U91: 2017 | V91: 11.006277 | W91: 10.943525 | X91: 0.57342115 | Y91: catalog identifier | Z91: 21.186911 | AA91: NASA default | AB91: 1 | AC91: 1 | AD91: 1 | AE91: Published Confirmed | AF91: Bonfils et al. 2018 | AG91: https://ui.adsabs.harvard.edu/abs/2018A&A...613A..25B/abstract | AH91: Bonfils et al. 2018 | AI91: TICv8 | AJ91: 2017-11-16
A92: Wolf 1061 b | B92: Wolf 1061 | C92: 80579 | D92: Wolf 1061 | E92: 1 | G92: 0.0375 | H92: 4.8869 | I92: 0.15 | J92: 7.34 | M92: 1.91 | N92: 3342 | O92: 0.294 | P92: 0.307 | Q92: -0.09 | R92: Msini | S92: 0 | T92: Radial Velocity | U92: 2015 | V92: 14.044033 | W92: 13.999284 | X92: 0.3196496 | Y92: catalog identifier | Z92: 18.394719 | AA92: NASA default | AB92: 2 | AC92: 3 | AD92: 1 | AE92: Published Confirmed | AF92: Astudillo-Defru et al. 2017 | AG92: https://ui.adsabs.harvard.edu/abs/2017A&A...602A..88A/abstract | AH92: Astudillo-Defru et al. 2017 | AI92: TICv8 | AJ92: 2017-03-29
A93: Wolf 1061 c | B93: Wolf 1061 | C93: 80579 | D93: Wolf 1061 | E93: 1 | G93: 0.089 | H93: 17.8719 | I93: 0.11 | J93: 1.3 | M93: 3.41 | N93: 3342 | O93: 0.294 | P93: 0.307 | Q93: -0.09 | R93: Msini | S93: 0 | T93: Radial Velocity | U93: 2015 | V93: 14.044033 | W93: 13.999284 | X93: 0.3196496 | Y93: catalog identifier | Z93: 18.394719 | AA93: NASA default | AB93: 2 | AC93: 3 | AD93: 1 | AE93: Published Confirmed | AF93: Astudillo-Defru et al. 2017 | AG93: https://ui.adsabs.harvard.edu/abs/2017A&A...602A..88A/abstract | AH93: Astudillo-Defru et al. 2017 | AI93: TICv8 | AJ93: 2017-03-29
A94: Wolf 1061 d | B94: Wolf 1061 | C94: 80579 | D94: Wolf 1061 | E94: 1 | G94: 0.47 | H94: 217.21 | I94: 0.55 | J94: 0.06 | M94: 7.7 | N94: 3342 | O94: 0.294 | P94: 0.307 | Q94: -0.09 | R94: Msini | S94: 0 | T94: Radial Velocity | U94: 2015 | V94: 14.044033 | W94: 13.999284 | X94: 0.3196496 | Y94: catalog identifier | Z94: 18.394719 | AA94: NASA default | AB94: 2 | AC94: 3 | AD94: 1 | AE94: Published Confirmed | AF94: Astudillo-Defru et al. 2017 | AG94: https://ui.adsabs.harvard.edu/abs/2017A&A...602A..88A/abstract | AH94: Astudillo-Defru et al. 2017 | AI94: TICv8 | AJ94: 2017-03-29
A95: YZ Cet b | B95: YZ Cet | C95: 5632 | D95: Gl 54.1 | E95: 1 | G95: 0.01634 | H95: 2.02087 | I95: 0.06 | J95: 8.21 | K95: 471.2 | M95: 0.7 | N95: 3151 | O95: 0.142 | P95: 0.157 | Q95: -0.18 | R95: Msini | S95: 0 | T95: Radial Velocity | U95: 2017 | V95: 12.107153 | W95: 12.034844 | X95: 0.60082929 | Y95: catalog identifier | Z95: 21.473649 | AA95: NASA default | AB95: 3 | AC95: 3 | AD95: 1 | AE95: Published Confirmed | AF95: Stock et al. 2020 | AG95: https://ui.adsabs.harvard.edu/abs/2020A&A...636A.119S/abstract | AH95: Stock et al. 2020 | AI95: TICv8 | AJ95: 2022-02-15
A96: YZ Cet c | B96: YZ Cet | C96: 5632 | D96: Gl 54.1 | E96: 1 | G96: 0.02156 | H96: 3.05989 | I96: 0 | J96: 4.72 | K96: 410.3 | M96: 1.14 | N96: 3151 | O96: 0.142 | P96: 0.157 | Q96: -0.18 | R96: Msini | S96: 0 | T96: Radial Velocity | U96: 2017 | V96: 12.107153 | W96: 12.034844 | X96: 0.60082929 | Y96: catalog identifier | Z96: 21.473649 | AA96: NASA default | AB96: 3 | AC96: 3 | AD96: 1 | AE96: Published Confirmed | AF96: Stock et al. 2020 | AG96: https://ui.adsabs.harvard.edu/abs/2020A&A...636A.119S/abstract | AH96: Stock et al. 2020 | AI96: TICv8 | AJ96: 2022-02-15
A97: YZ Cet d | B97: YZ Cet | C97: 5632 | D97: Gl 54.1 | E97: 1 | G97: 0.02851 | H97: 4.65626 | I97: 0.07 | J97: 2.7 | K97: 356.7 | M97: 1.09 | N97: 3151 | O97: 0.142 | P97: 0.157 | Q97: -0.18 | R97: Msini | S97: 0 | T97: Radial Velocity | U97: 2017 | V97: 12.107153 | W97: 12.034844 | X97: 0.60082929 | Y97: catalog identifier | Z97: 21.473649 | AA97: NASA default | AB97: 3 | AC97: 3 | AD97: 1 | AE97: Published Confirmed | AF97: Stock et al. 2020 | AG97: https://ui.adsabs.harvard.edu/abs/2020A&A...636A.119S/abstract | AH97: Stock et al. 2020 | AI97: TICv8 | AJ97: 2022-02-15
A98: eps Eri b | B98: eps Eri | C98: 16496 | D98: Ran | E98: 1 | G98: 3.53 | H98: 2680 | I98: 0.06 | M98: 317.82841 | O98: 0.82 | R98: Mass | S98: 0 | T98: Radial Velocity | U98: 2000 | V98: 10.445484 | W98: 10.489515 | X98: 0.41976307 | Y98: catalog identifier | Z98: 15.235403 | AA98: NASA default | AB98: 7 | AC98: 1 | AD98: 1 | AE98: Published Confirmed | AF98: Thompson et al. 2025 | AG98: https://ui.adsabs.harvard.edu/abs/2025AJ....170..301T/abstract | AH98: Thompson et al. 2025 | AI98: TICv8 | AJ98: 2026-07-02
A99: eps Ind A b | B99: eps Ind A | C99: 108526 | D99: Gl 845 | E99: 1 | G99: 15.76 | H99: 25450 | I99: 0.25 | M99: 2065.8846 | N99: 4700 | O99: 0.8 | P99: 0.713 | Q99: -0.17 | R99: Mass | S99: 0 | T99: Radial Velocity | U99: 2019 | V99: 11.867428 | W99: 11.814689 | X99: 0.44638913 | Y99: verified alias | Z99: 86.567205 | AA99: NASA default | AB99: 4 | AC99: 1 | AD99: 3 | AE99: Published Confirmed | AF99: Sanghi et al. 2026 | AG99: https://ui.adsabs.harvard.edu/abs/2026AJ....172..115S/abstract | AH99: Sanghi et al. 2026 | AI99: TICv8 | AJ99: 2026-07-09
A100: tau Cet f | B100: tau Cet | C100: 8087 | D100: Gl 71 | E100: 1 | G100: 1.334 | H100: 636.13 | I100: 0.16 | M100: 3.93 | O100: 0.783 | R100: Msini | S100: 1 | T100: Radial Velocity | U100: 2017 | V100: 11.751545 | W100: 11.90536 | X100: 1.291984 | Y100: catalog identifier | Z100: 30.333325 | AA100: NASA default | AB100: 1 | AC100: 3 | AD100: 1 | AE100: Published Confirmed | AF100: Feng et al. 2017 | AG100: https://ui.adsabs.harvard.edu/abs/2017AJ....154..135F/abstract | AH100: Feng et al. 2017 | AI100: TICv8 | AJ100: 2017-08-14
...

Sheet Factions
A1: faction_id | B1: faction_name | C1: color | D1: notes

Sheet Read me
A1: topic | B1: description
A2: Faction ownership | B2: Factions: define faction_id, faction_name, #RRGGBB color and notes. Stars/Planets faction_owners: semicolon-separated IDs, e.g. union; league. Blank means no recorded ownership. Stars sharing system_id share the union of their star-level claims. Planet owners are independent and never inherited. system_id defaults to the HYG primary and can be edited to group components. These are fictional campaign annotations, not astronomical data. Regeneration preserves campaign fields and user count/notes edits from the existing output workbook, or from --campaign-from when specified.
A3: Editing | B3: Stars: yellow planet_count_override accepts a count; leave blank to count Planets. Yellow notes cells are free text. Planets: include_in_count=0 excludes a row. Formulas update in Excel/LibreOffice.
A4: Planet status | B4: Yes means at least one counted planet. Unknown means no confirmed exoplanet was matched in these files. Explicit count override 0 displays No (your assertion). archive_planet_count preserves the original matched count.
A5: Counts | B5: Count distinct pl_name values, not publication rows or sy_pnum (which is system-wide). Controversial archive members remain included and flagged. Sol has 8 known planets but 0 exoplanets; Solar System orbital data are not supplied.
A6: Naming | B6: Preserve NASA scientific designations exactly. Host + existing lowercase planet letter; letters reflect discovery order, not orbital distance. Uppercase stellar components remain distinct. HYG proper names are display labels, not newly assigned IAU names.
A7: Selection | B7: HYG distance in parsecs controls the inclusive radius cut; missing/nonfinite/negative/sentinel distances are excluded. HYG is not a complete census and can contain duplicates. Rows are HYG entries, not deduplicated physical stars.
A8: Cartesian coordinates | B8: Stars includes x_ly/y_ly/z_ly in light-years and x_pc/y_pc/z_pc in parsecs. These are HYG heliocentric J2000 equatorial coordinates: +X toward the vernal equinox, +Y toward RA 6 hours, +Z toward the north celestial pole. Sol is pinned to exactly (0,0,0); other HYG positions are preserved.
A9: Matching | B9: Exact normalized catalog, Bayer, Flamsteed, variable or proper name, then explicit verified aliases. Never assign by angular proximity alone; Review lists candidates. Matches outside the radius are retained in Host matches.
A10: Distance checks | B10: NASA and HYG distances can differ substantially; >20% differences are flagged. Angular separations are diagnostic only: epochs/proper motion can differ. No positions are propagated.
A11: Measurements | B11: Planets uses one default NASA row per planet. If absent, latest row is used and flagged. No values are filled from other publications. Measurements retains all published rows, errors, limits and references for matched planets; used_in_planets=1 marks chosen rows.
A12: Habitability | B12: Semi-major axis is orbital size, not instantaneous separation. Published flux and equilibrium temperature are indicators, not habitability verdicts; equilibrium temperature is not surface temperature. Mass may be M sin(i), indicated by mass_provenance. Blank means unavailable. See Measurements for uncertainty and limit flags.
... A37: campaign_source | B37: nearby_stars.xlsx

Sheet Review
A1: nasa_host | B1: planet_count | C1: status | D1: hyg_id | E1: hyg_name | F1: hyg_distance_ly | G1: nasa_distance_ly | H1: method | I1: evidence | J1: angular_separation_arcsec | K1: distance_difference_percent | L1: candidate_hyg_ids | M1: notes
A2: GJ 273 | B2: 2 | C2: matched_selected | D2: 36107 | E2: Luyten's Star | F2: 12.402422 | G2: 19.313464 | H2: catalog identifier | I2: GJ 273 | J2: 0.097789962 | K2: 55.723321 | M2: Catalog distances differ by >20%; HYG controls selection.
A3: GJ 411 | B3: 2 | C3: matched_selected | D3: 53879 | E3: Lalande 21185 | F3: 8.3068768 | G3: 18.511896 | H3: catalog identifier | I3: GJ 411 | J3: 8.7840391 | K3: 122.85025 | M3: Catalog distances differ by >20%; HYG controls selection.
A4: Gl 725 B | B4: 1 | C4: matched_selected | D4: 91487 | E4: Struve 2398 B | F4: 11.267072 | G4: 22.316784 | H4: catalog identifier | I4: Gl 725 B | J4: 6.2036936 | K4: 98.070835 | M4: Catalog distances differ by >20%; HYG controls selection.
A5: LTT 1445 A | B5: 2 | C5: unmatched_nearby | G5: 22.404627 | H5: unassigned | I5: LTT 1445 A | L5: 118187; 119616 | M5: Position candidates require review; component identity is preserved.
A6: RR Cae | B6: 1 | C6: matched_selected | D6: 118293 | E6: GJ 2034 | F6: 26.51684 | G6: 69.117755 | H6: verified alias | I6: GJ 2034; https://simbad.u-strasbg.fr/simbad/sim-basic?Ident=rr+cae&submit=SIMBAD+search; Unresolved binary system entry; HYG distance differs substantially from NASA | J6: 49.7818 | K6: 160.65608 | M6: Catalog distances differ by >20%; HYG controls selection.
A7: Teegarden's Star | B7: 3 | C7: unmatched_nearby | G7: 12.494333 | H7: unassigned | I7: Teegarden's Star | M7: Position candidates require review; component identity is preserved.

Sheet Host matches
A1: nasa_host | B1: planet_count | C1: status | D1: hyg_id | E1: hyg_name | F1: hyg_distance_ly | G1: nasa_distance_ly | H1: method | I1: evidence | J1: angular_separation_arcsec | K1: distance_difference_percent | L1: candidate_hyg_ids | M1: notes
A2: 11 Com | B2: 1 | C2: matched_outside_radius | D2: 60017 | E2: 11 Com | F2: 289.91682 | G2: 303.92752 | H2: catalog identifier | I2: 11 Com | J2: 2.2297019 | K2: 4.8326619
A3: 11 UMi | B3: 1 | C3: matched_outside_radius | D3: 74564 | E3: 11 UMi | F3: 398.23726 | G3: 408.74243 | H3: catalog identifier | I3: 11 UMi | J3: 0.17266634 | K3: 2.6379176
A4: 14 And | B4: 1 | C4: matched_outside_radius | D4: 115711 | E4: Veritate | F4: 258.23953 | G4: 246.04976 | H4: catalog identifier | I4: 14 And | J4: 5.1848606 | K4: 4.720334
A5: 14 Her | B5: 2 | C5: matched_outside_radius | D5: 79009 | E5: Gl 614 | F5: 57.310894 | G5: 58.48734 | H5: catalog identifier | I5: 14 Her | J5: 5.2017763 | K5: 2.0527442
A6: 16 Cyg B | B6: 1 | C6: unmatched_other | G6: 68.94848 | H6: unassigned | I6: 16 Cyg B | M6: Position candidates require review; component identity is preserved.
A7: 17 Sco | B7: 1 | C7: matched_outside_radius | D7: 79300 | E7: 17Chi Sco | F7: 378.37173 | G7: 407.54218 | H7: catalog identifier | I7: 17 Sco | J7: 0.16843132 | K7: 7.7094681
A8: 18 Del | B8: 1 | C8: matched_outside_radius | D8: 103195 | E8: Musica | F8: 245.59967 | G8: 248.60291 | H8: catalog identifier | I8: 18 Del | J8: 0.96523765 | K8: 1.2228225
A9: 1RXS J160929.1-210524 | B9: 1 | C9: unmatched_other | G9: 453.79768 | H9: unassigned | I9: 1RXS J160929.1-210524 | M9: Position candidates require review; component identity is preserved.
A10: 24 Boo | B10: 1 | C10: matched_outside_radius | D10: 70568 | E10: 24 Boo | F10: 326.15638 | G10: 313.06544 | H10: catalog identifier | I10: 24 Boo | J10: 5.6898553 | K10: 4.0137
A11: 24 Sex | B11: 2 | C11: matched_outside_radius | D11: 50742 | E11: HIP 50887 | F11: 252.63845 | G11: 235.05797 | H11: catalog identifier | I11: 24 Sex | J11: 1.1427504 | K11: 6.9587512
A12: 2MASS J01033563-5515561 A | B12: 1 | C12: unmatched_other | H12: unassigned | I12: 2MASS J01033563-5515561 A | M12: Position candidates require review; component identity is preserved.
A13: 2MASS J01225093-2439505 | B13: 1 | C13: unmatched_other | G13: 110.33251 | H13: unassigned | I13: 2MASS J01225093-2439505 | M13: Position candidates require review; component identity is preserved.
A14: 2MASS J02192210-3925225 | B14: 1 | C14: unmatched_other | H14: unassigned | I14: 2MASS J02192210-3925225 | M14: Position candidates require review; component identity is preserved.
A15: 2MASS J0249-0557 A | B15: 1 | C15: unmatched_other | G15: 215.46314 | H15: unassigned | I15: 2MASS J0249-0557 A | M15: Position candidates require review; component identity is preserved.
A16: 2MASS J03590986+2009361 | B16: 1 | C16: unmatched_other | G16: 383.02174 | H16: unassigned | I16: 2MASS J03590986+2009361 | M16: Position candidates require review; component identity is preserved.
A17: 2MASS J04372171+2651014 | B17: 1 | C17: unmatched_other | G17: 419.05876 | H17: unassigned | I17: 2MASS J04372171+2651014 | M17: Position candidates require review; component identity is preserved.
A18: 2MASS J04414489+2301513 | B18: 1 | C18: unmatched_other | H18: unassigned | I18: 2MASS J04414489+2301513 | M18: Position candidates require review; component identity is preserved.
A19: 2MASS J11011926-7732383 | B19: 1 | C19: unmatched_other | H19: unassigned | I19: 2MASS J11011926-7732383 | M19: Position candidates require review; component identity is preserved.
A20: 2MASS J11550485-7919108 | B20: 1 | C20: unmatched_other | G20: 328.96785 | H20: unassigned | I20: 2MASS J11550485-7919108 | M20: Position candidates require review; component identity is preserved.
A21: 2MASS J12073346-3932539 | B21: 1 | C21: unmatched_other | G21: 209.74464 | H21: unassigned | I21: 2MASS J12073346-3932539 | M21: Position candidates require review; component identity is preserved.
A22: 2MASS J16262785-2625152 | B22: 1 | C22: unmatched_other | G22: 474.34227 | H22: unassigned | I22: 2MASS J16262785-2625152 | M22: Position candidates require review; component identity is preserved.
A23: 2MASS J19383260+4603591 | B23: 3 | C23: unmatched_other | G23: 1292.6621 | H23: unassigned | I23: 2MASS J19383260+4603591 | M23: Position candidates require review; component identity is preserved.
A24: 2MASS J21252752-8138278 | B24: 1 | C24: unmatched_other | G24: 111.26955 | H24: unassigned | I24: 2MASS J21252752-8138278 | M24: Position candidates require review; component identity is preserved.
A25: 2MASS J22362452+4751425 | B25: 1 | C25: unmatched_other | G25: 226.91906 | H25: unassigned | I25: 2MASS J22362452+4751425 | M25: Position candidates require review; component identity is preserved.
A26: 2MASS J22501512+2325342 | B26: 1 | C26: unmatched_other | G26: 186.66223 | H26: unassigned | I26: 2MASS J22501512+2325342 | M26: Position candidates require review; component identity is preserved.
A27: 4 UMa | B27: 1 | C27: matched_outside_radius | D27: 42408 | E27: 4Pi 2UMa | F27: 256.0096 | G27: 239.59545 | H27: catalog identifier | I27: 4 UMa | J27: 1.2992319 | K27: 6.4115353
A28: 47 UMa | B28: 3 | C28: matched_outside_radius | D28: 53565 | E28: Chalawan | F28: 45.866393 | G28: 44.998817 | H28: catalog identifier | I28: 47 UMa | J28: 5.6514797 | K28: 1.8915287
A29: 51 Eri | B29: 1 | C29: matched_outside_radius | D29: 21494 | E29: 51 Eri | F29: 95.984887 | G29: 97.055984 | H29: catalog identifier | I29: 51 Eri | J29: 1.2226568 | K29: 1.1159023
A30: 51 Peg | B30: 1 | C30: matched_outside_radius | D30: 112997 | E30: Helvetios | F30: 50.906161 | G30: 50.428342 | H30: catalog identifier | I30: 51 Peg | J30: 3.4647603 | K30: 0.93862723
A31: 55 Cnc | B31: 5 | C31: matched_outside_radius | D31: 43464 | E31: Copernicus | F31: 40.251285 | G31: 41.048411 | H31: catalog identifier | I31: 55 Cnc | J31: 8.815851 | K31: 1.9803745
A32: 55 Cnc B | B32: 2 | C32: unmatched_other | G32: 40.69551 | H32: unassigned | I32: 55 Cnc B | M32: Position candidates require review; component identity is preserved.
A33: 6 Lyn | B33: 1 | C33: matched_outside_radius | D33: 30966 | E33: 6 Lyn | F33: 182.007 | G33: 178.27675 | H33: catalog identifier | I33: 6 Lyn | J33: 5.28255 | K33: 2.0495094
A34: 61 Vir | B34: 3 | C34: matched_selected | D34: 64720 | E34: Gl 506 | F34: 27.903004 | G34: 27.73412 | H34: catalog identifier | I34: 61 Vir | J34: 23.717508 | K34: 0.60525301
A35: 7 CMa | B35: 2 | C35: matched_outside_radius | D35: 31512 | E35: Gl 239.1 | F35: 64.419472 | G35: 64.611905 | H35: catalog identifier | I35: 7 CMa | J35: 1.4691979 | K35: 0.29871754
A36: 70 Vir | B36: 1 | C36: matched_outside_radius | D36: 65515 | E36: Gl 512.1 | F36: 58.661181 | G36: 58.385579 | H36: catalog identifier | I36: 70 Vir | J36: 9.6687043 | K36: 0.4698203
A37: 75 Cet | B37: 2 | C37: matched_outside_radius | D37: 11763 | E37: 75 Cet | F37: 265.59958 | G37: 270.58357 | H37: catalog identifier | I37: 75 Cet | J37: 0.57225503 | K37: 1.8765074
A38: 8 UMi | B38: 1 | C38: matched_outside_radius | D38: 72910 | E38: Baekdu | F38: 521.8502 | G38: 530.17372 | H38: catalog identifier | I38: 8 UMi | J38: 0.28405134 | K38: 1.595
A39: 81 Cet | B39: 1 | C39: matched_outside_radius | D39: 12215 | E39: 81 Cet | F39: 301.71715 | G39: 330.26595 | H39: catalog identifier | I39: 81 Cet | J39: 0.94409254 | K39: 9.462105
A40: 91 Aqr | B40: 1 | C40: matched_outside_radius | D40: 114493 | E40: Gl 893.2A | F40: 149.81928 | G40: 143.60796 | H40: catalog identifier | I40: 91 Aqr | J40: 5.7576523 | K40: 4.1458763
A41: AB Aur | B41: 1 | C41: matched_outside_radius | D41: 22857 | E41: HIP 22910 | F41: 454.2569 | G41: 528.78755 | H41: catalog identifier | I41: AB Aur | J41: 0.38268561 | K41: 16.407158
A42: AB Pic | B42: 1 | C42: matched_outside_radius | D42: 29961 | E42: HIP 30034 | F42: 150.23317 | G42: 163.23311 | H42: catalog identifier | I42: AB Pic | J42: 0.74342356 | K42: 8.6531761
A43: AF Lep | B43: 1 | C43: matched_outside_radius | D43: 25423 | E43: HIP 25486 | F43: 88.197903 | G43: 87.593861 | H43: catalog identifier | I43: AF Lep | J43: 0.80678133 | K43: 0.68487072
A44: AT2021ueyL | B44: 1 | C44: unmatched_other | G44: 3392.0263 | H44: unassigned | I44: AT2021ueyL | M44: Position candidates require review; component identity is preserved.
A45: AU Mic | B45: 4 | C45: matched_outside_radius | D45: 102078 | E45: Gl 803 | F45: 32.321445 | G45: 31.709249 | H45: catalog identifier | I45: AU Mic | J45: 7.3148386 | K45: 1.8940846
A46: BD+03 2562 | B46: 1 | C46: unmatched_other | G46: 3491.928 | H46: unassigned | I46: BD+03 2562 | M46: Position candidates require review; component identity is preserved.
A47: BD+05 4868 A | B47: 1 | C47: unmatched_other | G47: 142.10209 | H47: unassigned | I47: BD+05 4868 A | M47: Position candidates require review; component identity is preserved.
A48: BD+14 4559 | B48: 1 | C48: unmatched_other | G48: 160.9647 | H48: unassigned | I48: BD+14 4559 | M48: Position candidates require review; component identity is preserved.
A49: BD+15 2375 | B49: 1 | C49: unmatched_other | G49: 2505.0278 | H49: unassigned | I49: BD+15 2375 | M49: Position candidates require review; component identity is preserved.
A50: BD+15 2940 | B50: 1 | C50: unmatched_other | G50: 1390.796 | H50: unassigned | I50: BD+15 2940 | M50: Position candidates require review; component identity is preserved.
A51: BD+20 2457 | B51: 2 | C51: unmatched_other | G51: 5021.8624 | H51: unassigned | I51: BD+20 2457 | M51: Position candidates require review; component identity is preserved.
A52: BD+20 274 | B52: 1 | C52: unmatched_other | G52: 4313.4507 | H52: unassigned | I52: BD+20 274 | M52: Position candidates require review; component identity is preserved.
A53: BD+20 594 | B53: 1 | C53: unmatched_other | G53: 585.3235 | H53: unassigned | I53: BD+20 594 | M53: Position candidates require review; component identity is preserved.
A54: BD+37 3172 | B54: 1 | C54: unmatched_other | G54: 1481.5686 | H54: unassigned | I54: BD+37 3172 | M54: Position candidates require review; component identity is preserved.
A55: BD+42 2315 | B55: 1 | C55: unmatched_other | G55: 1991.8859 | H55: unassigned | I55: BD+42 2315 | M55: Position candidates require review; component identity is preserved.
A56: BD+45 564 | B56: 1 | C56: unmatched_other | G56: 174.89157 | H56: unassigned | I56: BD+45 564 | M56: Position candidates require review; component identity is preserved.
A57: BD+48 738 | B57: 1 | C57: unmatched_other | G57: 2842.43 | H57: unassigned | I57: BD+48 738 | M57: Position candidates require review; component identity is preserved.
... A72: BEBOP-4 A | B72: 1 | C72: unmatched_other | G72: 764.16482 | H72: unassigned | I72: BEBOP-4 A | M72: Position candidates require review; component identity is preserved.
A73: Barnard's star | B73: 4 | C73: matched_selected | D73: 87665 | E73: Barnard's Star | F73: 5.94844 | G73: 5.9574093 | H73: catalog identifier | I73: Barnard's star | J73: 161.01489 | K73: 0.15078408
A74: CD Cet | B74: 1 | C74: matched_selected | D74: 118201 | E74: GJ 1057 | F74: 27.616965 | G74: 28.072769 | H74: verified alias | I74: GJ 1057; https://www.aanda.org/articles/aa/pdf/2020/08/aa38031-20.pdf; Variable-star designation absent in HYG | J74: 36.75496 | K74: 1.6504476
A75: CD-35 2722 B | B75: 1 | C75: unmatched_other | H75: unassigned | I75: CD-35 2722 B | M75: Position candidates require review; component identity is preserved.
A76: CFBDSIR J145829+101343 | B76: 1 | C76: unmatched_other | H76: unassigned | I76: CFBDSIR J145829+101343 | M76: Position candidates require review; component identity is preserved.
A77: CFHTWIR-Oph 98 A | B77: 1 | C77: unmatched_other | H77: unassigned | I77: CFHTWIR-Oph 98 A | M77: Position candidates require review; component identity is preserved.
A78: CHXR 73 | B78: 1 | C78: unmatched_other | G78: 620.91694 | H78: unassigned | I78: CHXR 73 | M78: Position candidates require review; component identity is preserved.
A79: CI Tau | B79: 1 | C79: unmatched_other | G79: 515.32055 | H79: unassigned | I79: CI Tau | M79: Position candidates require review; component identity is preserved.
A80: COCONUTS-2 A | B80: 1 | C80: unmatched_other | G80: 35.506688 | H80: unassigned | I80: COCONUTS-2 A | M80: Position candidates require review; component identity is preserved.
A81: CT Cha | B81: 1 | C81: unmatched_other | G81: 622.04544 | H81: unassigned | I81: CT Cha | M81: Position candidates require review; component identity is preserved.
A82: CWISEP J193518.59-154620.3 | B82: 1 | C82: unmatched_other | G82: 47.064365 | H82: unassigned | I82: CWISEP J193518.59-154620.3 | M82: Position candidates require review; component identity is preserved.
A83: CoRoT-1 | B83: 1 | C83: unmatched_other | G83: 2569.8155 | H83: unassigned | I83: CoRoT-1 | M83: Position candidates require review; component identity is preserved.
A84: CoRoT-10 | B84: 1 | C84: unmatched_other | G84: 1103.6675 | H84: unassigned | I84: CoRoT-10 | M84: Position candidates require review; component identity is preserved.
A85: CoRoT-11 | B85: 1 | C85: unmatched_other | G85: 2136.445 | H85: unassigned | I85: CoRoT-11 | M85: Position candidates require review; component identity is preserved.
A86: CoRoT-12 | B86: 1 | C86: unmatched_other | G86: 3673.7276 | H86: unassigned | I86: CoRoT-12 | M86: Position candidates require review; component identity is preserved.
A87: CoRoT-13 | B87: 1 | C87: unmatched_other | G87: 3747.3085 | H87: unassigned | I87: CoRoT-13 | M87: Position candidates require review; component identity is preserved.
A88: CoRoT-14 | B88: 1 | C88: unmatched_other | G88: 5690.1242 | H88: unassigned | I88: CoRoT-14 | M88: Position candidates require review; component identity is preserved.
A89: CoRoT-16 | B89: 1 | C89: unmatched_other | G89: 2388.7987 | H89: unassigned | I89: CoRoT-16 | M89: Position candidates require review; component identity is preserved.
... A94: CoRoT-20 | B94: 2 | C94: unmatched_other | G94: 2752.9588 | H94: unassigned | I94: CoRoT-20 | M94: Position candidates require review; component identity is preserved.
A95: CoRoT-21 | B95: 1 | C95: unmatched_other | H95: unassigned | I95: CoRoT-21 | M95: Position candidates require review; component identity is preserved.
A96: CoRoT-22 | B96: 1 | C96: unmatched_other | G96: 2045.5158 | H96: unassigned | I96: CoRoT-22 | M96: Position candidates require review; component identity is preserved.
A97: CoRoT-23 | B97: 1 | C97: unmatched_other | G97: 3460.4213 | H97: unassigned | I97: CoRoT-23 | M97: Position candidates require review; component identity is preserved.
A98: CoRoT-24 | B98: 2 | C98: unmatched_other | G98: 1929.3944 | H98: unassigned | I98: CoRoT-24 | M98: Position candidates require review; component identity is preserved.
A99: CoRoT-25 | B99: 1 | C99: unmatched_other | G99: 3599.0704 | H99: unassigned | I99: CoRoT-25 | M99: Position candidates require review; component identity is preserved.
A100: CoRoT-26 | B100: 1 | C100: unmatched_other | G100: 3408.9212 | H100: unassigned | I100: CoRoT-26 | M100: Position candidates require review; component identity is preserved.
A101: CoRoT-27 | B101: 1 | C101: unmatched_other | G101: 3295.0927 | H101: unassigned | I101: CoRoT-27 | M101: Position candidates require review; component identity is preserved.
A102: CoRoT-28 | B102: 1 | C102: unmatched_other | G102: 2498.9547 | H102: unassigned | I102: CoRoT-28 | M102: Position candidates require review; component identity is preserved.
A103: CoRoT-29 | B103: 1 | C103: unmatched_other | G103: 2630.474 | H103: unassigned | I103: CoRoT-29 | M103: Position candidates require review; component identity is preserved.
A104: CoRoT-3 | B104: 1 | C104: unmatched_other | G104: 2507.3956 | H104: unassigned | I104: CoRoT-3 | M104: Position candidates require review; component identity is preserved.
A105: CoRoT-30 | B105: 1 | C105: unmatched_other | G105: 3366.684 | H105: unassigned | I105: CoRoT-30 | M105: Position candidates require review; component identity is preserved.
A106: CoRoT-31 | B106: 1 | C106: unmatched_other | G106: 6541.9142 | H106: unassigned | I106: CoRoT-31 | M106: Position candidates require review; component identity is preserved.
A107: CoRoT-32 | B107: 1 | C107: unmatched_other | G107: 1880.8884 | H107: unassigned | I107: CoRoT-32 | M107: Position candidates require review; component identity is preserved.
... A116: DE CVn | B116: 1 | C116: unmatched_other | G116: 99.55108 | H116: unassigned | I116: DE CVn | M116: Position candidates require review; component identity is preserved.
A117: DENIS-P J082303.1-491201 | B117: 1 | C117: unmatched_other | H117: unassigned | I117: DENIS-P J082303.1-491201 | M117: Position candidates require review; component identity is preserved.
A118: DH Tau | B118: 1 | C118: unmatched_other | G118: 439.80883 | H118: unassigned | I118: DH Tau | M118: Position candidates require review; component identity is preserved.
A119: DMPP-1 | B119: 4 | C119: unmatched_other | G119: 203.97428 | H119: unassigned | I119: DMPP-1 | M119: Position candidates require review; component identity is preserved.
A120: DMPP-2 | B120: 3 | C120: unmatched_other | G120: 449.90011 | H120: unassigned | I120: DMPP-2 | M120: Position candidates require review; component identity is preserved.
A121: DMPP-3 A | B121: 1 | C121: unmatched_other | G121: 152.94027 | H121: unassigned | I121: DMPP-3 A | M121: Position candidates require review; component identity is preserved.
A122: DMPP-4 | B122: 1 | C122: unmatched_other | G122: 82.610192 | H122: unassigned | I122: DMPP-4 | M122: Position candidates require review; component identity is preserved.
A123: DMPP-6 | B123: 2 | C123: unmatched_other | G123: 178.18021 | H123: unassigned | I123: DMPP-6 | M123: Position candidates require review; component identity is preserved.
A124: DMPP-7 | B124: 1 | C124: unmatched_other | G124: 330.67691 | H124: unassigned | I124: DMPP-7 | M124: Position candidates require review; component identity is preserved.
A125: DMPP-8 | B125: 1 | C125: unmatched_other | G125: 248.31427 | H125: unassigned | I125: DMPP-8 | M125: Position candidates require review; component identity is preserved.
A126: DMPP-9 | B126: 1 | C126: unmatched_other | G126: 357.26843 | H126: unassigned | I126: DMPP-9 | M126: Position candidates require review; component identity is preserved.
...

Sheet Measurements
A1: hyg_id | B1: used_in_planets | C1: pl_name | D1: hostname | E1: default_flag | F1: sy_snum | G1: sy_pnum | H1: discoverymethod | I1: disc_year | J1: disc_facility | K1: soltype | L1: pl_controv_flag | M1: pl_refname | N1: pl_orbper | O1: pl_orbpererr1 | P1: pl_orbpererr2 | Q1: pl_orbperlim | R1: pl_orbsmax | S1: pl_orbsmaxerr1 | T1: pl_orbsmaxerr2 | U1: pl_orbsmaxlim | V1: pl_rade | W1: pl_radeerr1 | X1: pl_radeerr2 | Y1: pl_radelim | Z1: pl_radj | AA1: pl_radjerr1 | AB1: pl_radjerr2 | AC1: pl_radjlim | AD1: pl_bmasse | AE1: pl_bmasseerr1 | AF1: pl_bmasseerr2 | AG1: pl_bmasselim | AH1: pl_bmassj | AI1: pl_bmassjerr1 | AJ1: pl_bmassjerr2 | AK1: pl_bmassjlim | AL1: pl_bmassprov | AM1: pl_orbeccen | AN1: pl_orbeccenerr1 | AO1: pl_orbeccenerr2 | AP1: pl_orbeccenlim | AQ1: pl_insol | AR1: pl_insolerr1 | AS1: pl_insolerr2 | AT1: pl_insollim | AU1: pl_eqt | AV1: pl_eqterr1 | AW1: pl_eqterr2 | AX1: pl_eqtlim | AY1: ttv_flag | AZ1: st_refname | BA1: st_spectype | BB1: st_teff | BC1: st_tefferr1 | BD1: st_tefferr2 | BE1: st_tefflim | BF1: st_rad | BG1: st_raderr1 | BH1: st_raderr2 | BI1: st_radlim | BJ1: st_mass | BK1: st_masserr1 | BL1: st_masserr2 | BM1: st_masslim | BN1: st_met | BO1: st_meterr1 | BP1: st_meterr2 | BQ1: st_metlim | BR1: st_metratio | BS1: st_logg | BT1: st_loggerr1 | BU1: st_loggerr2 | BV1: st_logglim | BW1: sy_refname | BX1: rastr | BY1: ra | BZ1: decstr | CA1: dec | CB1: sy_dist | CC1: sy_disterr1 | CD1: sy_disterr2 | CE1: sy_vmag | CF1: sy_vmagerr1 | CG1: sy_vmagerr2 | CH1: sy_kmag | CI1: sy_kmagerr1 | CJ1: sy_kmagerr2 | CK1: sy_gaiamag | CL1: sy_gaiamagerr1 | CM1: sy_gaiamagerr2 | CN1: rowupdate | CO1: pl_pubdate | CP1: releasedate
A2: 64720 | B2: 1 | C2: 61 Vir b | D2: 61 Vir | E2: 1 | F2: 1 | G2: 3 | H2: Radial Velocity | I2: 2009 | J2: Multiple Observatories | K2: Published Confirmed | L2: 0 | M2: <a refstr=VOGT_ET_AL__2010 href=https://ui.adsabs.harvard.edu/abs/2010ApJ...708.1366V/abstract target=ref> Vogt et al. 2010 </a> | N2: 4.215 | O2: 0.0006 | P2: -0.0006 | Q2: 0 | R2: 0.050201 | S2: 5e-06 | T2: -5e-06 | U2: 0 | AD2: 5.1 | AE2: 0.5 | AF2: -0.5 | AG2: 0 | AH2: 0.016 | AI2: 0.002 | AJ2: -0.002 | AK2: 0 | AL2: Msini | AM2: 0.12 | AN2: 0.11 | AO2: -0.11 | AP2: 0 | AY2: 0 | AZ2: <a refstr=VOGT_ET_AL__2010 href=https://ui.adsabs.harvard.edu/abs/2010ApJ...708.1366V/abstract target=ref> Vogt et al. 2010 </a> | BA2: G5 V | BB2: 5577 | BC2: 33 | BD2: -33 | BE2: 0 | BF2: 0.963 | BG2: 0.011 | BH2: -0.011 | BI2: 0 | BJ2: 0.942 | BK2: 0.034 | BL2: -0.029 | BM2: 0 | BN2: -0.01 | BQ2: 0 | BR2: [Fe/H] | BS2: 4.34 | BT2: 0.03 | BU2: -0.03 | BV2: 0 | BW2: <a refstr=STASSUN_ET_AL__2019 href=https://ui.adsabs.harvard.edu/abs/2019AJ....158..138S/abstract target=ref>TICv8</a> | BX2: 13h18m23.15s | BY2: 199.59645 | BZ2: -18d18m56.79s | CA2: -18.315774 | CB2: 8.50332 | CC2: 0.01737 | CD2: -0.0173 | CE2: 4.6955 | CF2: 0.0462 | CG2: -0.0462 | CH2: 2.956 | CI2: 0.236 | CJ2: -0.236 | CK2: 4.54052 | CL2: 0.0055701 | CM2: -0.0055701 | CN2: 2014-05-14 | CO2: 2010-01 | CP2: 2014-05-14
A3: 64720 | B3: 0 | C3: 61 Vir b | D3: 61 Vir | E3: 0 | F3: 1 | G3: 3 | H3: Radial Velocity | I3: 2009 | J3: Multiple Observatories | K3: Published Confirmed | L3: 0 | M3: <a refstr=HARADA_ET_AL_2025 href=https://ui.adsabs.harvard.edu/abs/2025AJ....170..343H/abstract target=ref>Harada et al. 2025</a> | N3: 4.215011 | O3: 9.2e-05 | P3: -9e-05 | Q3: 0 | R3: 0.04931 | S3: 0.00072 | T3: -0.00074 | U3: 0 | AD3: 5.8 | AE3: 0.3 | AF3: -0.29 | AG3: 0 | AH3: 0.01824884 | AI3: 0.00094391 | AJ3: -0.00091244 | AK3: 0 | AL3: Msini | AM3: 0.036 | AN3: 0.037 | AO3: -0.025 | AP3: 0 | AY3: 0 | AZ3: <a refstr=HARADA_ET_AL_2025 href=https://ui.adsabs.harvard.edu/abs/2025AJ....170..343H/abstract target=ref>Harada et al. 2025</a> | BB3: 5552 | BE3: 0 | BW3: <a refstr=STASSUN_ET_AL__2019 href=https://ui.adsabs.harvard.edu/abs/2019AJ....158..138S/abstract target=ref>TICv8</a> | BX3: 13h18m23.15s | BY3: 199.59645 | BZ3: -18d18m56.79s | CA3: -18.315774 | CB3: 8.50332 | CC3: 0.01737 | CD3: -0.0173 | CE3: 4.6955 | CF3: 0.0462 | CG3: -0.0462 | CH3: 2.956 | CI3: 0.236 | CJ3: -0.236 | CK3: 4.54052 | CL3: 0.0055701 | CM3: -0.0055701 | CN3: 2026-02-12 | CO3: 2025-12 | CP3: 2026-02-12
A4: 64720 | B4: 0 | C4: 61 Vir b | D4: 61 Vir | E4: 0 | F4: 1 | G4: 3 | H4: Radial Velocity | I4: 2009 | J4: Multiple Observatories | K4: Published Confirmed | L4: 0 | M4: <a refstr=ROSENTHAL_ET_AL__2021 href=https://ui.adsabs.harvard.edu/abs/2021ApJS..255....8R/abstract target=ref>Rosenthal et al. 2021</a> | N4: 4.21487 | O4: 0.00016 | P4: -0.00016 | Q4: 0 | R4: 0.04956 | S4: 0.00065 | T4: -0.00067 | U4: 0 | AD4: 5.1170374 | AE4: 0.54030829 | AF4: -0.50852545 | AG4: 0 | AH4: 0.0161 | AI4: 0.0017 | AJ4: -0.0016 | AK4: 0 | AL4: Msini | AM4: 0.099 | AN4: 0.091 | AO4: -0.07 | AP4: 0 | AY4: 0 | AZ4: <a refstr=ROSENTHAL_ET_AL__2021 href=https://ui.adsabs.harvard.edu/abs/2021ApJS..255....8R/abstract target=ref>Rosenthal et al. 2021</a> | BB4: 5585.57 | BC4: 78.88 | BD4: -78.88 | BE4: 0 | BF4: 1.03251 | BG4: 0.023198 | BH4: -0.023198 | BI4: 0 | BJ4: 0.914072 | BK4: 0.036798 | BL4: -0.036798 | BM4: 0 | BN4: 0.0275 | BO4: 0.06 | BP4: -0.06 | BQ4: 0 | BR4: [Fe/H] | BS4: 4.368775 | BT4: 0.028304 | BU4: -0.028304 | BV4: 0 | BW4: <a refstr=STASSUN_ET_AL__2019 href=https://ui.adsabs.harvard.edu/abs/2019AJ....158..138S/abstract target=ref>TICv8</a> | BX4: 13h18m23.15s | BY4: 199.59645 | BZ4: -18d18m56.79s | CA4: -18.315774 | CB4: 8.50332 | CC4: 0.01737 | CD4: -0.0173 | CE4: 4.6955 | CF4: 0.0462 | CG4: -0.0462 | CH4: 2.956 | CI4: 0.236 | CJ4: -0.236 | CK4: 4.54052 | CL4: 0.0055701 | CM4: -0.0055701 | CN4: 2021-09-20 | CO4: 2021-07 | CP4: 2021-09-20
A5: 64720 | B5: 0 | C5: 61 Vir c | D5: 61 Vir | E5: 0 | F5: 1 | G5: 3 | H5: Radial Velocity | I5: 2009 | J5: Multiple Observatories | K5: Published Confirmed | L5: 0 | M5: <a refstr=HARADA_ET_AL_2025 href=https://ui.adsabs.harvard.edu/abs/2025AJ....170..343H/abstract target=ref>Harada et al. 2025</a> | N5: 38.0864 | O5: 0.0052 | P5: -0.0053 | Q5: 0 | R5: 0.2139 | S5: 0.0031 | T5: -0.0032 | U5: 0 | AD5: 17.84 | AE5: 0.77 | AF5: -0.75 | AG5: 0 | AH5: 0.05613092 | AI5: 0.00242269 | AJ5: -0.00235976 | AK5: 0 | AL5: Msini | AM5: 0.022 | AN5: 0.024 | AO5: -0.015 | AP5: 0 | AY5: 0 | AZ5: <a refstr=HARADA_ET_AL_2025 href=https://ui.adsabs.harvard.edu/abs/2025AJ....170..343H/abstract target=ref>Harada et al. 2025</a> | BB5: 5552 | BE5: 0 | BW5: <a refstr=STASSUN_ET_AL__2019 href=https://ui.adsabs.harvard.edu/abs/2019AJ....158..138S/abstract target=ref>TICv8</a> | BX5: 13h18m23.15s | BY5: 199.59645 | BZ5: -18d18m56.79s | CA5: -18.315774 | CB5: 8.50332 | CC5: 0.01737 | CD5: -0.0173 | CE5: 4.6955 | CF5: 0.0462 | CG5: -0.0462 | CH5: 2.956 | CI5: 0.236 | CJ5: -0.236 | CK5: 4.54052 | CL5: 0.0055701 | CM5: -0.0055701 | CN5: 2026-02-12 | CO5: 2025-12 | CP5: 2026-02-12
A6: 64720 | B6: 0 | C6: 61 Vir c | D6: 61 Vir | E6: 0 | F6: 1 | G6: 3 | H6: Radial Velocity | I6: 2009 | J6: Multiple Observatories | K6: Published Confirmed | L6: 0 | M6: <a refstr=ROSENTHAL_ET_AL__2021 href=https://ui.adsabs.harvard.edu/abs/2021ApJS..255....8R/abstract target=ref>Rosenthal et al. 2021</a> | N6: 38.0957 | O6: 0.0083 | P6: -0.0083 | Q6: 0 | R6: 0.2151 | S6: 0.0028 | T6: -0.0029 | U6: 0 | AD6: 16.1139 | AE6: 1.1123994 | AF6: -1.1759651 | AG6: 0 | AH6: 0.0507 | AI6: 0.0035 | AJ6: -0.0037 | AK6: 0 | AL6: Msini | AM6: 0.068 | AN6: 0.067 | AO6: -0.047 | AP6: 0 | AY6: 0 | AZ6: <a refstr=ROSENTHAL_ET_AL__2021 href=https://ui.adsabs.harvard.edu/abs/2021ApJS..255....8R/abstract target=ref>Rosenthal et al. 2021</a> | BB6: 5585.57 | BC6: 78.88 | BD6: -78.88 | BE6: 0 | BF6: 1.03251 | BG6: 0.023198 | BH6: -0.023198 | BI6: 0 | BJ6: 0.914072 | BK6: 0.036798 | BL6: -0.036798 | BM6: 0 | BN6: 0.0275 | BO6: 0.06 | BP6: -0.06 | BQ6: 0 | BR6: [Fe/H] | BS6: 4.368775 | BT6: 0.028304 | BU6: -0.028304 | BV6: 0 | BW6: <a refstr=STASSUN_ET_AL__2019 href=https://ui.adsabs.harvard.edu/abs/2019AJ....158..138S/abstract target=ref>TICv8</a> | BX6: 13h18m23.15s | BY6: 199.59645 | BZ6: -18d18m56.79s | CA6: -18.315774 | CB6: 8.50332 | CC6: 0.01737 | CD6: -0.0173 | CE6: 4.6955 | CF6: 0.0462 | CG6: -0.0462 | CH6: 2.956 | CI6: 0.236 | CJ6: -0.236 | CK6: 4.54052 | CL6: 0.0055701 | CM6: -0.0055701 | CN6: 2021-09-20 | CO6: 2021-07 | CP6: 2021-09-20
A7: 64720 | B7: 1 | C7: 61 Vir c | D7: 61 Vir | E7: 1 | F7: 1 | G7: 3 | H7: Radial Velocity | I7: 2009 | J7: Multiple Observatories | K7: Published Confirmed | L7: 0 | M7: <a refstr=VOGT_ET_AL__2010 href=https://ui.adsabs.harvard.edu/abs/2010ApJ...708.1366V/abstract target=ref> Vogt et al. 2010 </a> | N7: 38.021 | O7: 0.034 | P7: -0.034 | Q7: 0 | R7: 0.2175 | S7: 0.0001 | T7: -0.0001 | U7: 0 | AD7: 18.2 | AE7: 1.1 | AF7: -1.1 | AG7: 0 | AH7: 0.057 | AI7: 0.003 | AJ7: -0.003 | AK7: 0 | AL7: Msini | AM7: 0.14 | AN7: 0.06 | AO7: -0.06 | AP7: 0 | AY7: 0 | AZ7: <a refstr=VOGT_ET_AL__2010 href=https://ui.adsabs.harvard.edu/abs/2010ApJ...708.1366V/abstract target=ref> Vogt et al. 2010 </a> | BA7: G5 V | BB7: 5577 | BC7: 33 | BD7: -33 | BE7: 0 | BF7: 0.963 | BG7: 0.011 | BH7: -0.011 | BI7: 0 | BJ7: 0.942 | BK7: 0.034 | BL7: -0.029 | BM7: 0 | BN7: -0.01 | BQ7: 0 | BR7: [Fe/H] | BS7: 4.34 | BT7: 0.03 | BU7: -0.03 | BV7: 0 | BW7: <a refstr=STASSUN_ET_AL__2019 href=https://ui.adsabs.harvard.edu/abs/2019AJ....158..138S/abstract target=ref>TICv8</a> | BX7: 13h18m23.15s | BY7: 199.59645 | BZ7: -18d18m56.79s | CA7: -18.315774 | CB7: 8.50332 | CC7: 0.01737 | CD7: -0.0173 | CE7: 4.6955 | CF7: 0.0462 | CG7: -0.0462 | CH7: 2.956 | CI7: 0.236 | CJ7: -0.236 | CK7: 4.54052 | CL7: 0.0055701 | CM7: -0.0055701 | CN7: 2014-05-14 | CO7: 2010-01 | CP7: 2014-05-14
A8: 64720 | B8: 1 | C8: 61 Vir d | D8: 61 Vir | E8: 1 | F8: 1 | G8: 3 | H8: Radial Velocity | I8: 2009 | J8: Multiple Observatories | K8: Published Confirmed | L8: 0 | M8: <a refstr=VOGT_ET_AL__2010 href=https://ui.adsabs.harvard.edu/abs/2010ApJ...708.1366V/abstract target=ref> Vogt et al. 2010 </a> | N8: 123.01 | O8: 0.55 | P8: -0.55 | Q8: 0 | R8: 0.476 | S8: 0.001 | T8: -0.001 | U8: 0 | AD8: 22.9 | AE8: 2.6 | AF8: -2.6 | AG8: 0 | AH8: 0.072 | AI8: 0.008 | AJ8: -0.008 | AK8: 0 | AL8: Msini | AM8: 0.35 | AN8: 0.09 | AO8: -0.09 | AP8: 0 | AY8: 0 | AZ8: <a refstr=VOGT_ET_AL__2010 href=https://ui.adsabs.harvard.edu/abs/2010ApJ...708.1366V/abstract target=ref> Vogt et al. 2010 </a> | BA8: G5 V | BB8: 5577 | BC8: 33 | BD8: -33 | BE8: 0 | BF8: 0.963 | BG8: 0.011 | BH8: -0.011 | BI8: 0 | BJ8: 0.942 | BK8: 0.034 | BL8: -0.029 | BM8: 0 | BN8: -0.01 | BQ8: 0 | BR8: [Fe/H] | BS8: 4.34 | BT8: 0.03 | BU8: -0.03 | BV8: 0 | BW8: <a refstr=STASSUN_ET_AL__2019 href=https://ui.adsabs.harvard.edu/abs/2019AJ....158..138S/abstract target=ref>TICv8</a> | BX8: 13h18m23.15s | BY8: 199.59645 | BZ8: -18d18m56.79s | CA8: -18.315774 | CB8: 8.50332 | CC8: 0.01737 | CD8: -0.0173 | CE8: 4.6955 | CF8: 0.0462 | CG8: -0.0462 | CH8: 2.956 | CI8: 0.236 | CJ8: -0.236 | CK8: 4.54052 | CL8: 0.0055701 | CM8: -0.0055701 | CN8: 2014-05-14 | CO8: 2010-01 | CP8: 2014-05-14
A9: 64720 | B9: 0 | C9: 61 Vir d | D9: 61 Vir | E9: 0 | F9: 1 | G9: 3 | H9: Radial Velocity | I9: 2009 | J9: Multiple Observatories | K9: Published Confirmed | L9: 0 | M9: <a refstr=HARADA_ET_AL_2025 href=https://ui.adsabs.harvard.edu/abs/2025AJ....170..343H/abstract target=ref>Harada et al. 2025</a> | N9: 123.15 | O9: 0.15 | P9: -0.16 | Q9: 0 | R9: 0.4677 | S9: 0.0068 | T9: -0.0071 | U9: 0 | AD9: 10.92 | AE9: 1 | AF9: -0.93 | AG9: 0 | AH9: 0.03435816 | AI9: 0.00314635 | AJ9: -0.00292611 | AK9: 0 | AL9: Msini | AM9: 0.105 | AN9: 0.1 | AO9: -0.072 | AP9: 0 | AY9: 0 | AZ9: <a refstr=HARADA_ET_AL_2025 href=https://ui.adsabs.harvard.edu/abs/2025AJ....170..343H/abstract target=ref>Harada et al. 2025</a> | BB9: 5552 | BE9: 0 | BW9: <a refstr=STASSUN_ET_AL__2019 href=https://ui.adsabs.harvard.edu/abs/2019AJ....158..138S/abstract target=ref>TICv8</a> | BX9: 13h18m23.15s | BY9: 199.59645 | BZ9: -18d18m56.79s | CA9: -18.315774 | CB9: 8.50332 | CC9: 0.01737 | CD9: -0.0173 | CE9: 4.6955 | CF9: 0.0462 | CG9: -0.0462 | CH9: 2.956 | CI9: 0.236 | CJ9: -0.236 | CK9: 4.54052 | CL9: 0.0055701 | CM9: -0.0055701 | CN9: 2026-02-12 | CO9: 2025-12 | CP9: 2026-02-12
A10: 87665 | B10: 1 | C10: Barnard b | D10: Barnard's star | E10: 1 | F10: 1 | G10: 4 | H10: Radial Velocity | I10: 2024 | J10: Paranal Observatory | K10: Published Confirmed | L10: 0 | M10: <a refstr=BASANT_ET_AL__2025 href=https://ui.adsabs.harvard.edu/abs/2025ApJ...982L...1B/abstract target=ref>Basant et al. 2025</a> | N10: 3.1542 | O10: 0.0004 | P10: -0.0004 | Q10: 0 | R10: 0.0229 | S10: 0.0003 | T10: -0.0003 | U10: 0 | AD10: 0.299 | AE10: 0.026 | AF10: -0.026 | AG10: 0 | AH10: 0.00094076 | AI10: 8.181e-05 | AJ10: -8.181e-05 | AK10: 0 | AL10: Msini | AM10: 0.03 | AN10: 0.03 | AO10: -0.02 | AP10: 0 | AU10: 438 | AX10: 0 | AY10: 0 | AZ10: <a refstr=GONZALEZ_HERNANDEZ_ET_AL_2024 href=https://ui.adsabs.harvard.edu/abs/2024A&A...690A..79G/abstract target=ref>Gonz&aacute;lez Hern&aacute;ndez et al. 2024</a> | BA10: M3.5-4 V | BB10: 3195 | BC10: 28 | BD10: -28 | BE10: 0 | BF10: 0.185 | BG10: 0.006 | BH10: -0.006 | BI10: 0 | BJ10: 0.162 | BK10: 0.007 | BL10: -0.007 | BM10: 0 | BN10: -0.56 | BO10: 0.07 | BP10: -0.07 | BQ10: 0 | BR10: [Fe/H] | BS10: 4.9 | BT10: 0.09 | BU10: -0.09 | BV10: 0 | BW10: <a refstr=STASSUN_ET_AL__2019 href=https://ui.adsabs.harvard.edu/abs/2019AJ....158..138S/abstract target=ref>TICv8</a> | BX10: 17h57m47.67s | BY10: 269.44861 | BZ10: +04d44m16.73s | CA10: 4.7379808 | CB10: 1.82655 | CC10: 0.000975 | CD10: -0.000975 | CE10: 9.54 | CF10: 0.1 | CG10: -0.1 | CH10: 4.524 | CI10: 0.02 | CJ10: -0.02 | CK10: 8.19511 | CL10: 0.001998 | CM10: -0.001998 | CN10: 2025-03-10 | CO10: 2025-03 | CP10: 2025-03-10
A11: 87665 | B11: 0 | C11: Barnard b | D11: Barnard's star | E11: 0 | F11: 1 | G11: 4 | H11: Radial Velocity | I11: 2024 | J11: Paranal Observatory | K11: Published Confirmed | L11: 0 | M11: <a refstr=GONZALEZ_HERNANDEZ_ET_AL_2024 href=https://ui.adsabs.harvard.edu/abs/2024A&A...690A..79G/abstract target=ref>Gonz&aacute;lez Hern&aacute;ndez et al. 2024</a> | N11: 3.1533 | O11: 0.0006 | P11: -0.0006 | Q11: 0 | R11: 0.02294 | S11: 0.00033 | T11: -0.00033 | U11: 0 | AD11: 0.37 | AE11: 0.05 | AF11: -0.05 | AG11: 0 | AH11: 0.00116415 | AI11: 0.00015732 | AJ11: -0.00015732 | AK11: 0 | AL11: Msini | AM11: 0.16 | AP11: 1 | AQ11: 6.76 | AR11: 0.05 | AS11: -0.05 | AT11: 0 | AU11: 400 | AV11: 7 | AW11: -7 | AX11: 0 | AY11: 0 | AZ11: <a refstr=GONZALEZ_HERNANDEZ_ET_AL_2024 href=https://ui.adsabs.harvard.edu/abs/2024A&A...690A..79G/abstract target=ref>Gonz&aacute;lez Hern&aacute;ndez et al. 2024</a> | BA11: M3.5-4 V | BB11: 3195 | BC11: 28 | BD11: -28 | BE11: 0 | BF11: 0.185 | BG11: 0.006 | BH11: -0.006 | BI11: 0 | BJ11: 0.162 | BK11: 0.007 | BL11: -0.007 | BM11: 0 | BN11: -0.56 | BO11: 0.07 | BP11: -0.07 | BQ11: 0 | BR11: [Fe/H] | BS11: 4.9 | BT11: 0.09 | BU11: -0.09 | BV11: 0 | BW11: <a refstr=STASSUN_ET_AL__2019 href=https://ui.adsabs.harvard.edu/abs/2019AJ....158..138S/abstract target=ref>TICv8</a> | BX11: 17h57m47.67s | BY11: 269.44861 | BZ11: +04d44m16.73s | CA11: 4.7379808 | CB11: 1.82655 | CC11: 0.000975 | CD11: -0.000975 | CE11: 9.54 | CF11: 0.1 | CG11: -0.1 | CH11: 4.524 | CI11: 0.02 | CJ11: -0.02 | CK11: 8.19511 | CL11: 0.001998 | CM11: -0.001998 | CN11: 2024-10-07 | CO11: 2024-10 | CP11: 2024-10-07
A12: 87665 | B12: 1 | C12: Barnard c | D12: Barnard's star | E12: 1 | F12: 1 | G12: 4 | H12: Radial Velocity | I12: 2025 | J12: Gemini Observatory | K12: Published Confirmed | L12: 0 | M12: <a refstr=BASANT_ET_AL__2025 href=https://ui.adsabs.harvard.edu/abs/2025ApJ...982L...1B/abstract target=ref>Basant et al. 2025</a> | N12: 4.1244 | O12: 0.0006 | P12: -0.0006 | Q12: 0 | R12: 0.0274 | S12: 0.0004 | T12: -0.0004 | U12: 0 | AD12: 0.335 | AE12: 0.03 | AF12: -0.03 | AG12: 0 | AH12: 0.00105403 | AI12: 9.439e-05 | AJ12: -9.439e-05 | AK12: 0 | AL12: Msini | AM12: 0.08 | AN12: 0.06 | AO12: -0.05 | AP12: 0 | AU12: 400 | AX12: 0 | AY12: 0 | AZ12: <a refstr=GONZALEZ_HERNANDEZ_ET_AL_2024 href=https://ui.adsabs.harvard.edu/abs/2024A&A...690A..79G/abstract target=ref>Gonz&aacute;lez Hern&aacute;ndez et al. 2024</a> | BA12: M3.5-4 V | BB12: 3195 | BC12: 28 | BD12: -28 | BE12: 0 | BF12: 0.185 | BG12: 0.006 | BH12: -0.006 | BI12: 0 | BJ12: 0.162 | BK12: 0.007 | BL12: -0.007 | BM12: 0 | BN12: -0.56 | BO12: 0.07 | BP12: -0.07 | BQ12: 0 | BR12: [Fe/H] | BS12: 4.9 | BT12: 0.09 | BU12: -0.09 | BV12: 0 | BW12: <a refstr=STASSUN_ET_AL__2019 href=https://ui.adsabs.harvard.edu/abs/2019AJ....158..138S/abstract target=ref>TICv8</a> | BX12: 17h57m47.67s | BY12: 269.44861 | BZ12: +04d44m16.73s | CA12: 4.7379808 | CB12: 1.82655 | CC12: 0.000975 | CD12: -0.000975 | CE12: 9.54 | CF12: 0.1 | CG12: -0.1 | CH12: 4.524 | CI12: 0.02 | CJ12: -0.02 | CK12: 8.19511 | CL12: 0.001998 | CM12: -0.001998 | CN12: 2025-03-10 | CO12: 2025-03 | CP12: 2025-03-10
A13: 87665 | B13: 1 | C13: Barnard d | D13: Barnard's star | E13: 1 | F13: 1 | G13: 4 | H13: Radial Velocity | I13: 2025 | J13: Gemini Observatory | K13: Published Confirmed | L13: 0 | M13: <a refstr=BASANT_ET_AL__2025 href=https://ui.adsabs.harvard.edu/abs/2025ApJ...982L...1B/abstract target=ref>Basant et al. 2025</a> | N13: 2.3402 | O13: 0.0003 | P13: -0.0003 | Q13: 0 | R13: 0.0188 | S13: 0.0003 | T13: -0.0003 | U13: 0 | AD13: 0.263 | AE13: 0.024 | AF13: -0.024 | AG13: 0 | AH13: 0.00082749 | AI13: 7.551e-05 | AJ13: -7.551e-05 | AK13: 0 | AL13: Msini | AM13: 0.04 | AN13: 0.05 | AO13: -0.03 | AP13: 0 | AU13: 483 | AX13: 0 | AY13: 0 | AZ13: <a refstr=GONZALEZ_HERNANDEZ_ET_AL_2024 href=https://ui.adsabs.harvard.edu/abs/2024A&A...690A..79G/abstract target=ref>Gonz&aacute;lez Hern&aacute;ndez et al. 2024</a> | BA13: M3.5-4 V | BB13: 3195 | BC13: 28 | BD13: -28 | BE13: 0 | BF13: 0.185 | BG13: 0.006 | BH13: -0.006 | BI13: 0 | BJ13: 0.162 | BK13: 0.007 | BL13: -0.007 | BM13: 0 | BN13: -0.56 | BO13: 0.07 | BP13: -0.07 | BQ13: 0 | BR13: [Fe/H] | BS13: 4.9 | BT13: 0.09 | BU13: -0.09 | BV13: 0 | BW13: <a refstr=STASSUN_ET_AL__2019 href=https://ui.adsabs.harvard.edu/abs/2019AJ....158..138S/abstract target=ref>TICv8</a> | BX13: 17h57m47.67s | BY13: 269.44861 | BZ13: +04d44m16.73s | CA13: 4.7379808 | CB13: 1.82655 | CC13: 0.000975 | CD13: -0.000975 | CE13: 9.54 | CF13: 0.1 | CG13: -0.1 | CH13: 4.524 | CI13: 0.02 | CJ13: -0.02 | CK13: 8.19511 | CL13: 0.001998 | CM13: -0.001998 | CN13: 2025-03-10 | CO13: 2025-03 | CP13: 2025-03-10
A14: 87665 | B14: 1 | C14: Barnard e | D14: Barnard's star | E14: 1 | F14: 1 | G14: 4 | H14: Radial Velocity | I14: 2025 | J14: Gemini Observatory | K14: Published Confirmed | L14: 0 | M14: <a refstr=BASANT_ET_AL__2025 href=https://ui.adsabs.harvard.edu/abs/2025ApJ...982L...1B/abstract target=ref>Basant et al. 2025</a> | N14: 6.7392 | O14: 0.003 | P14: -0.003 | Q14: 0 | R14: 0.0381 | S14: 0.0005 | T14: -0.0005 | U14: 0 | AD14: 0.193 | AE14: 0.033 | AF14: -0.033 | AG14: 0 | AH14: 0.00060725 | AI14: 0.00010383 | AJ14: -0.00010383 | AK14: 0 | AL14: Msini | AM14: 0.04 | AN14: 0.03 | AO14: -0.04 | AP14: 0 | AU14: 340 | AX14: 0 | AY14: 0 | AZ14: <a refstr=GONZALEZ_HERNANDEZ_ET_AL_2024 href=https://ui.adsabs.harvard.edu/abs/2024A&A...690A..79G/abstract target=ref>Gonz&aacute;lez Hern&aacute;ndez et al. 2024</a> | BA14: M3.5-4 V | BB14: 3195 | BC14: 28 | BD14: -28 | BE14: 0 | BF14: 0.185 | BG14: 0.006 | BH14: -0.006 | BI14: 0 | BJ14: 0.162 | BK14: 0.007 | BL14: -0.007 | BM14: 0 | BN14: -0.56 | BO14: 0.07 | BP14: -0.07 | BQ14: 0 | BR14: [Fe/H] | BS14: 4.9 | BT14: 0.09 | BU14: -0.09 | BV14: 0 | BW14: <a refstr=STASSUN_ET_AL__2019 href=https://ui.adsabs.harvard.edu/abs/2019AJ....158..138S/abstract target=ref>TICv8</a> | BX14: 17h57m47.67s | BY14: 269.44861 | BZ14: +04d44m16.73s | CA14: 4.7379808 | CB14: 1.82655 | CC14: 0.000975 | CD14: -0.000975 | CE14: 9.54 | CF14: 0.1 | CG14: -0.1 | CH14: 4.524 | CI14: 0.02 | CJ14: -0.02 | CK14: 8.19511 | CL14: 0.001998 | CM14: -0.001998 | CN14: 2025-03-10 | CO14: 2025-03 | CP14: 2025-03-10
A15: 118201 | B15: 1 | C15: CD Cet b | D15: CD Cet | E15: 1 | F15: 1 | G15: 1 | H15: Radial Velocity | I15: 2020 | J15: Calar Alto Observatory | K15: Published Confirmed | L15: 0 | M15: <a refstr=BAUER_ET_AL__2020 href=https://ui.adsabs.harvard.edu/abs/2020A&A...640A..50B/abstract target=ref>Bauer et al. 2020</a> | N15: 2.2907 | O15: 0.00012 | P15: -0.00012 | Q15: 0 | R15: 0.0185 | S15: 0.0013 | T15: -0.0013 | U15: 0 | AD15: 3.95 | AE15: 0.42 | AF15: -0.43 | AG15: 0 | AH15: 0.01242809 | AI15: 0.00132147 | AJ15: -0.00135293 | AK15: 0 | AL15: Msini | AQ15: 8.6 | AR15: 2.4 | AS15: -2.4 | AT15: 0 | AU15: 464 | AV15: 18 | AW15: -18 | AX15: 0 | AY15: 0 | AZ15: <a refstr=BAUER_ET_AL__2020 href=https://ui.adsabs.harvard.edu/abs/2020A&A...640A..50B/abstract target=ref>Bauer et al. 2020</a> | BA15: M5.0 V | BB15: 3130 | BC15: 51 | BD15: -51 | BE15: 0 | BF15: 0.175 | BG15: 0.006 | BH15: -0.006 | BI15: 0 | BJ15: 0.161 | BK15: 0.01 | BL15: -0.01 | BM15: 0 | BN15: 0.13 | BO15: 0.16 | BP15: -0.16 | BQ15: 0 | BR15: [Fe/H] | BS15: 4.93 | BT15: 0.04 | BU15: -0.04 | BV15: 0 | BW15: <a refstr=STASSUN_ET_AL__2019 href=https://ui.adsabs.harvard.edu/abs/2019AJ....158..138S/abstract target=ref>TICv8</a> | BX15: 03h13m24.72s | BY15: 48.353015 | BZ15: +04d46m30.68s | CA15: 4.7751881 | CB15: 8.60715 | CC15: 0.00658 | CD15: -0.00658 | CE15: 13.95 | CF15: 0.2 | CG15: -0.2 | CH15: 7.833 | CI15: 0.024 | CJ15: -0.024 | CK15: 12.1232 | CL15: 0.00105 | CM15: -0.00105 | CN15: 2021-11-02 | CO15: 2020-08 | CP15: 2021-11-02
A16: 117960 | B16: 1 | C16: GJ 1002 b | D16: GJ 1002 | E16: 1 | F16: 1 | G16: 2 | H16: Radial Velocity | I16: 2022 | J16: Multiple Observatories | K16: Published Confirmed | L16: 0 | M16: <a refstr=SUAREZ_MASCARENO_ET_AL_2023 href=https://ui.adsabs.harvard.edu/abs/2023A&A...670A...5S/abstract target=ref>Su&aacute;rez Mascare&ntilde;o et al. 2023</a> | N16: 10.3465 | O16: 0.027 | P16: -0.027 | Q16: 0 | R16: 0.0457 | S16: 0.0013 | T16: -0.0013 | U16: 0 | AD16: 1.08 | AE16: 0.13 | AF16: -0.13 | AG16: 0 | AH16: 0.00339806 | AI16: 0.00040903 | AJ16: -0.00040903 | AK16: 0 | AL16: Msini | AQ16: 0.67 | AR16: 0.039 | AS16: -0.039 | AT16: 0 | AU16: 230.9 | AV16: 6.7 | AW16: -6.7 | AX16: 0 | AY16: 0 | AZ16: <a refstr=SUAREZ_MASCARENO_ET_AL_2023 href=https://ui.adsabs.harvard.edu/abs/2023A&A...670A...5S/abstract target=ref>Su&aacute;rez Mascare&ntilde;o et al. 2023</a> | BA16: M5.5 V | BB16: 3024 | BC16: 52 | BD16: -52 | BE16: 0 | BF16: 0.137 | BG16: 0.005 | BH16: -0.005 | BI16: 0 | BJ16: 0.12 | BK16: 0.01 | BL16: -0.01 | BM16: 0 | BN16: -0.25 | BO16: 0.19 | BP16: -0.19 | BQ16: 0 | BR16: [Fe/H] | BS16: 5.1 | BT16: 0.06 | BU16: -0.06 | BV16: 0 | BW16: <a refstr=STASSUN_ET_AL__2019 href=https://ui.adsabs.harvard.edu/abs/2019AJ....158..138S/abstract target=ref>TICv8</a> | BX16: 00h06m42.35s | BY16: 1.6764641 | BZ16: -07d32m46.36s | CA16: -7.5462123 | CB16: 4.84867 | CC16: 0.00303 | CD16: -0.00304 | CH16: 7.439 | CI16: 0.021 | CJ16: -0.021 | CK16: 11.7804 | CL16: 0.000751 | CM16: -0.000751 | CN16: 2022-12-17 | CO16: 2023-02 | CP16: 2022-12-17
A17: 117960 | B17: 1 | C17: GJ 1002 c | D17: GJ 1002 | E17: 1 | F17: 1 | G17: 2 | H17: Radial Velocity | I17: 2022 | J17: Multiple Observatories | K17: Published Confirmed | L17: 0 | M17: <a refstr=SUAREZ_MASCARENO_ET_AL_2023 href=https://ui.adsabs.harvard.edu/abs/2023A&A...670A...5S/abstract target=ref>Su&aacute;rez Mascare&ntilde;o et al. 2023</a> | N17: 21.202 | O17: 0.013 | P17: -0.013 | Q17: 0 | R17: 0.0738 | S17: 0.0021 | T17: -0.0021 | U17: 0 | AD17: 1.36 | AE17: 0.17 | AF17: -0.17 | AG17: 0 | AH17: 0.00427904 | AI17: 0.00053488 | AJ17: -0.00053488 | AK17: 0 | AL17: Msini | AQ17: 0.257 | AR17: 0.015 | AS17: -0.015 | AT17: 0 | AU17: 181.7 | AV17: 5.2 | AW17: -5.2 | AX17: 0 | AY17: 0 | AZ17: <a refstr=SUAREZ_MASCARENO_ET_AL_2023 href=https://ui.adsabs.harvard.edu/abs/2023A&A...670A...5S/abstract target=ref>Su&aacute;rez Mascare&ntilde;o et al. 2023</a> | BA17: M5.5 V | BB17: 3024 | BC17: 52 | BD17: -52 | BE17: 0 | BF17: 0.137 | BG17: 0.005 | BH17: -0.005 | BI17: 0 | BJ17: 0.12 | BK17: 0.01 | BL17: -0.01 | BM17: 0 | BN17: -0.25 | BO17: 0.19 | BP17: -0.19 | BQ17: 0 | BR17: [Fe/H] | BS17: 5.1 | BT17: 0.06 | BU17: -0.06 | BV17: 0 | BW17: <a refstr=STASSUN_ET_AL__2019 href=https://ui.adsabs.harvard.edu/abs/2019AJ....158..138S/abstract target=ref>TICv8</a> | BX17: 00h06m42.35s | BY17: 1.6764641 | BZ17: -07d32m46.36s | CA17: -7.5462123 | CB17: 4.84867 | CC17: 0.00303 | CD17: -0.00304 | CH17: 7.439 | CI17: 0.021 | CJ17: -0.021 | CK17: 11.7804 | CL17: 0.000751 | CM17: -0.000751 | CN17: 2022-12-17 | CO17: 2023-02 | CP17: 2022-12-17
A18: 118236 | B18: 1 | C18: GJ 1061 b | D18: GJ 1061 | E18: 1 | F18: 1 | G18: 3 | H18: Radial Velocity | I18: 2020 | J18: La Silla Observatory | K18: Published Confirmed | L18: 0 | M18: <a refstr=DREIZLER_ET_AL_2025 href=https://ui.adsabs.harvard.edu/abs/2025A&A...698A.114D/abstract target=ref>Dreizler et al. 2025</a> | N18: 3.2073 | O18: 0.0002 | P18: -0.0003 | Q18: 0 | R18: 0.021 | S18: 0.0006 | T18: -0.0006 | U18: 0 | AD18: 1.11 | AE18: 0.11 | AF18: -0.09 | AG18: 0 | AH18: 0.00349245 | AI18: 0.0003461 | AJ18: -0.00028317 | AK18: 0 | AL18: Mass | AM18: 0.05 | AN18: 0.5 | AO18: -0.03 | AP18: 0 | AY18: 0 | AZ18: <a refstr=DREIZLER_ET_AL_2025 href=https://ui.adsabs.harvard.edu/abs/2025A&A...698A.114D/abstract target=ref>Dreizler et al. 2025</a> | BA18: M5.5 V | BB18: 2953 | BC18: 98 | BD18: -98 | BE18: 0 | BF18: 0.156 | BG18: 0.005 | BH18: -0.005 | BI18: 0 | BJ18: 0.12 | BK18: 0.01 | BL18: -0.01 | BM18: 0 | BN18: -0.08 | BO18: 0.08 | BP18: -0.08 | BQ18: 0 | BR18: [Fe/H] | BW18: <a refstr=STASSUN_ET_AL__2019 href=https://ui.adsabs.harvard.edu/abs/2019AJ....158..138S/abstract target=ref>TICv8</a> | BX18: 03h36m00.78s | BY18: 54.003249 | BZ18: -44d30m51.52s | CA18: -44.51431 | CB18: 3.67278 | CC18: 0.00089 | CD18: -0.0009 | CE18: 12.7 | CF18: 0.2 | CG18: -0.2 | CH18: 6.61 | CI18: 0.021 | CJ18: -0.021 | CK18: 10.9889 | CL18: 0.000945 | CM18: -0.000945 | CN18: 2026-03-12 | CO18: 2025-06 | CP18: 2026-03-12
A19: 118236 | B19: 0 | C19: GJ 1061 b | D19: GJ 1061 | E19: 0 | F19: 1 | G19: 3 | H19: Radial Velocity | I19: 2020 | J19: La Silla Observatory | K19: Published Confirmed | L19: 0 | M19: <a refstr=DREIZLER_ET_AL__2020 href=https://ui.adsabs.harvard.edu/abs/2020MNRAS.493..536D/abstract target=ref>Dreizler et al. 2020</a> | N19: 3.204 | O19: 0.001 | P19: -0.001 | Q19: 0 | R19: 0.021 | S19: 0.001 | T19: -0.001 | U19: 0 | AD19: 1.37 | AE19: 0.16 | AF19: -0.15 | AG19: 0 | AH19: 0.00431048 | AI19: 0.00050341 | AJ19: -0.00047195 | AK19: 0 | AL19: Msini | AM19: 0.31 | AP19: 1 | AQ19: 3.8 | AR19: 0.7 | AS19: -0.7 | AT19: 0 | AY19: 0 | AZ19: <a refstr=DREIZLER_ET_AL__2020 href=https://ui.adsabs.harvard.edu/abs/2020MNRAS.493..536D/abstract target=ref>Dreizler et al. 2020</a> | BA19: M5.5 V | BB19: 2953 | BC19: 98 | BD19: -98 | BE19: 0 | BF19: 0.156 | BG19: 0.005 | BH19: -0.005 | BI19: 0 | BJ19: 0.12 | BK19: 0.01 | BL19: -0.01 | BM19: 0 | BN19: -0.08 | BO19: 0.08 | BP19: -0.08 | BQ19: 0 | BR19: [Fe/H] | BW19: <a refstr=STASSUN_ET_AL__2019 href=https://ui.adsabs.harvard.edu/abs/2019AJ....158..138S/abstract target=ref>TICv8</a> | BX19: 03h36m00.78s | BY19: 54.003249 | BZ19: -44d30m51.52s | CA19: -44.51431 | CB19: 3.67278 | CC19: 0.00089 | CD19: -0.0009 | CE19: 12.7 | CF19: 0.2 | CG19: -0.2 | CH19: 6.61 | CI19: 0.021 | CJ19: -0.021 | CK19: 10.9889 | CL19: 0.000945 | CM19: -0.000945 | CN19: 2020-02-21 | CO19: 2020-03 | CP19: 2020-02-27
A20: 118236 | B20: 0 | C20: GJ 1061 c | D20: GJ 1061 | E20: 0 | F20: 1 | G20: 3 | H20: Radial Velocity | I20: 2020 | J20: La Silla Observatory | K20: Published Confirmed | L20: 0 | M20: <a refstr=DREIZLER_ET_AL__2020 href=https://ui.adsabs.harvard.edu/abs/2020MNRAS.493..536D/abstract target=ref>Dreizler et al. 2020</a> | N20: 6.689 | O20: 0.005 | P20: -0.005 | Q20: 0 | R20: 0.035 | S20: 0.001 | T20: -0.001 | U20: 0 | AD20: 1.74 | AE20: 0.23 | AF20: -0.23 | AG20: 0 | AH20: 0.00547462 | AI20: 0.00072366 | AJ20: -0.00072366 | AK20: 0 | AL20: Msini | AM20: 0.29 | AP20: 1 | AQ20: 1.4 | AR20: 0.2 | AS20: -0.2 | AT20: 0 | AY20: 0 | AZ20: <a refstr=DREIZLER_ET_AL__2020 href=https://ui.adsabs.harvard.edu/abs/2020MNRAS.493..536D/abstract target=ref>Dreizler et al. 2020</a> | BA20: M5.5 V | BB20: 2953 | BC20: 98 | BD20: -98 | BE20: 0 | BF20: 0.156 | BG20: 0.005 | BH20: -0.005 | BI20: 0 | BJ20: 0.12 | BK20: 0.01 | BL20: -0.01 | BM20: 0 | BN20: -0.08 | BO20: 0.08 | BP20: -0.08 | BQ20: 0 | BR20: [Fe/H] | BW20: <a refstr=STASSUN_ET_AL__2019 href=https://ui.adsabs.harvard.edu/abs/2019AJ....158..138S/abstract target=ref>TICv8</a> | BX20: 03h36m00.78s | BY20: 54.003249 | BZ20: -44d30m51.52s | CA20: -44.51431 | CB20: 3.67278 | CC20: 0.00089 | CD20: -0.0009 | CE20: 12.7 | CF20: 0.2 | CG20: -0.2 | CH20: 6.61 | CI20: 0.021 | CJ20: -0.021 | CK20: 10.9889 | CL20: 0.000945 | CM20: -0.000945 | CN20: 2020-02-21 | CO20: 2020-03 | CP20: 2020-02-27
A21: 118236 | B21: 1 | C21: GJ 1061 c | D21: GJ 1061 | E21: 1 | F21: 1 | G21: 3 | H21: Radial Velocity | I21: 2020 | J21: La Silla Observatory | K21: Published Confirmed | L21: 0 | M21: <a refstr=DREIZLER_ET_AL_2025 href=https://ui.adsabs.harvard.edu/abs/2025A&A...698A.114D/abstract target=ref>Dreizler et al. 2025</a> | N21: 6.6821 | O21: 0.0008 | P21: -0.0008 | Q21: 0 | R21: 0.0342 | S21: 0.0009 | T21: -0.001 | U21: 0 | AD21: 1.81 | AE21: 0.13 | AF21: -0.11 | AG21: 0 | AH21: 0.0056949 | AI21: 0.00040903 | AJ21: -0.0003461 | AK21: 0 | AL21: Mass | AM21: 0.02 | AN21: 0.03 | AO21: -0.02 | AP21: 0 | AY21: 0 | AZ21: <a refstr=DREIZLER_ET_AL_2025 href=https://ui.adsabs.harvard.edu/abs/2025A&A...698A.114D/abstract target=ref>Dreizler et al. 2025</a> | BA21: M5.5 V | BB21: 2953 | BC21: 98 | BD21: -98 | BE21: 0 | BF21: 0.156 | BG21: 0.005 | BH21: -0.005 | BI21: 0 | BJ21: 0.12 | BK21: 0.01 | BL21: -0.01 | BM21: 0 | BN21: -0.08 | BO21: 0.08 | BP21: -0.08 | BQ21: 0 | BR21: [Fe/H] | BW21: <a refstr=STASSUN_ET_AL__2019 href=https://ui.adsabs.harvard.edu/abs/2019AJ....158..138S/abstract target=ref>TICv8</a> | BX21: 03h36m00.78s | BY21: 54.003249 | BZ21: -44d30m51.52s | CA21: -44.51431 | CB21: 3.67278 | CC21: 0.00089 | CD21: -0.0009 | CE21: 12.7 | CF21: 0.2 | CG21: -0.2 | CH21: 6.61 | CI21: 0.021 | CJ21: -0.021 | CK21: 10.9889 | CL21: 0.000945 | CM21: -0.000945 | CN21: 2026-03-12 | CO21: 2025-06 | CP21: 2026-03-12
A22: 118236 | B22: 0 | C22: GJ 1061 d | D22: GJ 1061 | E22: 0 | F22: 1 | G22: 3 | H22: Radial Velocity | I22: 2020 | J22: La Silla Observatory | K22: Published Confirmed | L22: 0 | M22: <a refstr=DREIZLER_ET_AL__2020 href=https://ui.adsabs.harvard.edu/abs/2020MNRAS.493..536D/abstract target=ref>Dreizler et al. 2020</a> | N22: 13.031 | O22: 0.025 | P22: -0.032 | Q22: 0 | R22: 0.054 | S22: 0.001 | T22: -0.001 | U22: 0 | AD22: 1.64 | AE22: 0.24 | AF22: -0.23 | AG22: 0 | AH22: 0.00515999 | AI22: 0.00075512 | AJ22: -0.00072366 | AK22: 0 | AL22: Msini | AM22: 0.53 | AP22: 1 | AQ22: 0.6 | AR22: 0.1 | AS22: -0.1 | AT22: 0 | AY22: 0 | AZ22: <a refstr=DREIZLER_ET_AL__2020 href=https://ui.adsabs.harvard.edu/abs/2020MNRAS.493..536D/abstract target=ref>Dreizler et al. 2020</a> | BA22: M5.5 V | BB22: 2953 | BC22: 98 | BD22: -98 | BE22: 0 | BF22: 0.156 | BG22: 0.005 | BH22: -0.005 | BI22: 0 | BJ22: 0.12 | BK22: 0.01 | BL22: -0.01 | BM22: 0 | BN22: -0.08 | BO22: 0.08 | BP22: -0.08 | BQ22: 0 | BR22: [Fe/H] | BW22: <a refstr=STASSUN_ET_AL__2019 href=https://ui.adsabs.harvard.edu/abs/2019AJ....158..138S/abstract target=ref>TICv8</a> | BX22: 03h36m00.78s | BY22: 54.003249 | BZ22: -44d30m51.52s | CA22: -44.51431 | CB22: 3.67278 | CC22: 0.00089 | CD22: -0.0009 | CE22: 12.7 | CF22: 0.2 | CG22: -0.2 | CH22: 6.61 | CI22: 0.021 | CJ22: -0.021 | CK22: 10.9889 | CL22: 0.000945 | CM22: -0.000945 | CN22: 2020-02-21 | CO22: 2020-03 | CP22: 2020-02-27
A23: 118236 | B23: 1 | C23: GJ 1061 d | D23: GJ 1061 | E23: 1 | F23: 1 | G23: 3 | H23: Radial Velocity | I23: 2020 | J23: La Silla Observatory | K23: Published Confirmed | L23: 0 | M23: <a refstr=DREIZLER_ET_AL_2025 href=https://ui.adsabs.harvard.edu/abs/2025A&A...698A.114D/abstract target=ref>Dreizler et al. 2025</a> | N23: 13.066 | O23: 0.002 | P23: -0.002 | Q23: 0 | R23: 0.054 | S23: 0.002 | T23: -0.002 | U23: 0 | AD23: 1.67 | AE23: 0.17 | AF23: -0.21 | AG23: 0 | AH23: 0.00525441 | AI23: 0.00053488 | AJ23: -0.00066073 | AK23: 0 | AL23: Mass | AM23: 0.04 | AN23: 0.04 | AO23: -0.03 | AP23: 0 | AY23: 0 | AZ23: <a refstr=DREIZLER_ET_AL_2025 href=https://ui.adsabs.harvard.edu/abs/2025A&A...698A.114D/abstract target=ref>Dreizler et al. 2025</a> | BA23: M5.5 V | BB23: 2953 | BC23: 98 | BD23: -98 | BE23: 0 | BF23: 0.156 | BG23: 0.005 | BH23: -0.005 | BI23: 0 | BJ23: 0.12 | BK23: 0.01 | BL23: -0.01 | BM23: 0 | BN23: -0.08 | BO23: 0.08 | BP23: -0.08 | BQ23: 0 | BR23: [Fe/H] | BW23: <a refstr=STASSUN_ET_AL__2019 href=https://ui.adsabs.harvard.edu/abs/2019AJ....158..138S/abstract target=ref>TICv8</a> | BX23: 03h36m00.78s | BY23: 54.003249 | BZ23: -44d30m51.52s | CA23: -44.51431 | CB23: 3.67278 | CC23: 0.00089 | CD23: -0.0009 | CE23: 12.7 | CF23: 0.2 | CG23: -0.2 | CH23: 6.61 | CI23: 0.021 | CJ23: -0.021 | CK23: 10.9889 | CL23: 0.000945 | CM23: -0.000945 | CN23: 2026-03-12 | CO23: 2025-06 | CP23: 2026-03-12
A24: 118777 | B24: 1 | C24: GJ 1151 c | D24: GJ 1151 | E24: 1 | F24: 1 | G24: 1 | H24: Radial Velocity | I24: 2023 | J24: Multiple Facilities | K24: Published Confirmed | L24: 0 | M24: <a refstr=BLANCO_POZO_ET_AL_2023 href=https://ui.adsabs.harvard.edu/abs/2023A&A...671A..50B/abstract target=ref>Blanco-Pozo et al. 2023</a> | N24: 389.7 | O24: 5.4 | P24: -6.5 | Q24: 0 | R24: 0.5714 | S24: 0.0053 | T24: -0.0064 | U24: 0 | AD24: 10.62 | AE24: 1.31 | AF24: -1.47 | AG24: 0 | AH24: 0.03341426 | AI24: 0.00412172 | AJ24: -0.00462514 | AK24: 0 | AL24: Msini | AY24: 0 | AZ24: <a refstr=BLANCO_POZO_ET_AL_2023 href=https://ui.adsabs.harvard.edu/abs/2023A&A...671A..50B/abstract target=ref>Blanco-Pozo et al. 2023</a> | BA24: M 4.5V | BB24: 3280 | BC24: 40 | BD24: -40 | BE24: 0 | BF24: 0.1781 | BG24: 0.0042 | BH24: -0.0042 | BI24: 0 | BJ24: 0.1639 | BK24: 0.0093 | BL24: -0.0093 | BM24: 0 | BN24: -0.12 | BO24: 0.1 | BP24: -0.1 | BQ24: 0 | BR24: [Fe/H] | BS24: 5.09 | BT24: 0.09 | BU24: -0.09 | BV24: 0 | BW24: <a refstr=STASSUN_ET_AL__2019 href=https://ui.adsabs.harvard.edu/abs/2019AJ....158..138S/abstract target=ref>TICv8</a> | BX24: 11h50m55.32s | BY24: 177.73049 | BZ24: +48d22m23.64s | CA24: 48.373233 | CB24: 8.03625 | CC24: 0.00772 | CD24: -0.00771 | CE24: 13.76 | CF24: 0.2 | CG24: -0.2 | CH24: 7.637 | CI24: 0.017 | CJ24: -0.017 | CK24: 11.6938 | CL24: 0.000459 | CM24: -0.000459 | CN24: 2023-01-23 | CO24: 2023-03 | CP24: 2023-01-23
A25: 119588 | B25: 1 | C25: GJ 1289 b | D25: GJ 1289 | E25: 1 | F25: 1 | G25: 1 | H25: Radial Velocity | I25: 2024 | J25: Multiple Observatories | K25: Published Confirmed | L25: 0 | M25: <a refstr=MOUTOU_ET_AL__2024 href=https://ui.adsabs.harvard.edu/abs/2024A&A...688A.196M/abstract target=ref>Moutou et al. 2024</a> | N25: 111.74 | O25: 0.73 | P25: -0.71 | Q25: 0 | R25: 0.27 | S25: 0.01 | T25: -0.01 | U25: 0 | AD25: 6.27 | AE25: 1.23 | AF25: -1.25 | AG25: 0 | AH25: 0.01972763 | AI25: 0.00387001 | AJ25: -0.00393294 | AK25: 0 | AL25: Msini | AM25: 0 | AP25: 0 | AU25: 150 | AX25: 0 | AY25: 0 | AZ25: <a refstr=MOUTOU_ET_AL__2024 href=https://ui.adsabs.harvard.edu/abs/2024A&A...688A.196M/abstract target=ref>Moutou et al. 2024</a> | BA25: M4.5 Ve | BB25: 3296 | BC25: 30 | BD25: -30 | BE25: 0 | BJ25: 0.21 | BK25: 0.02 | BL25: -0.02 | BM25: 0 | BN25: 0.02 | BO25: 0.1 | BP25: -0.1 | BQ25: 0 | BR25: [M/H] | BW25: <a refstr=STASSUN_ET_AL__2019 href=https://ui.adsabs.harvard.edu/abs/2019AJ....158..138S/abstract target=ref>TICv8</a> | BX25: 23h43m07.52s | BY25: 355.78135 | BZ25: +36d32m10.79s | CA25: 36.536331 | CB25: 8.35147 | CC25: 0.00819 | CD25: -0.00818 | CE25: 12.48 | CF25: 0.2 | CG25: -0.2 | CH25: 7.226 | CI25: 0.02 | CJ25: -0.02 | CK25: 11.1534 | CL25: 0.002031 | CM25: -0.002031 | CN25: 2025-03-18 | CO25: 2024-08 | CP25: 2025-03-18
A26: 1472 | B26: 0 | C26: GJ 15 A b | D26: GJ 15 A | E26: 0 | F26: 2 | G26: 2 | H26: Radial Velocity | I26: 2014 | J26: W. M. Keck Observatory | K26: Published Confirmed | L26: 1 | M26: <a refstr=HOWARD_ET_AL__2014 href=https://ui.adsabs.harvard.edu/abs/2014ApJ...794...51H/abstract target=ref>Howard et al. 2014</a> | N26: 11.4433 | O26: 0.0016 | P26: -0.0016 | Q26: 0 | R26: 0.0717 | S26: 0.0034 | T26: -0.0034 | U26: 0 | AD26: 5.35 | AE26: 0.75 | AF26: -0.75 | AG26: 0 | AH26: 0.0168329 | AI26: 0.00235975 | AJ26: -0.00235975 | AK26: 0 | AL26: Msini | AM26: 0 | AP26: 0 | AU26: 550 | AX26: 0 | AY26: 0 | AZ26: <a refstr=HOWARD_ET_AL__2014 href=https://ui.adsabs.harvard.edu/abs/2014ApJ...794...51H/abstract target=ref>Howard et al. 2014</a> | BA26: M2 V | BB26: 3567 | BC26: 11 | BD26: -11 | BE26: 0 | BF26: 0.3863 | BG26: 0.0021 | BH26: -0.0021 | BI26: 0 | BJ26: 0.375 | BK26: 0.057 | BL26: -0.057 | BM26: 0 | BN26: -0.32 | BO26: 0.17 | BP26: -0.17 | BQ26: 0 | BR26: [Fe/H] | BS26: 4.9 | BT26: 0.17 | BU26: -0.17 | BV26: 0 | BW26: <a refstr=STASSUN_ET_AL__2019 href=https://ui.adsabs.harvard.edu/abs/2019AJ....158..138S/abstract target=ref>TICv8</a> | BX26: 00h18m27.04s | BY26: 4.6126677 | BZ26: +44d01m29.03s | CA26: 44.02473 | CB26: 3.56228 | CC26: 0.00055 | CD26: -0.00055 | CE26: 8.09 | CF26: 0.1 | CG26: -0.1 | CH26: 4.018 | CI26: 0.02 | CJ26: -0.02 | CK26: 7.2162 | CL26: 0.000507 | CM26: -0.000507 | CN26: 2019-10-02 | CO26: 2014-10 | CP26: 2019-10-10
A27: 1472 | B27: 0 | C27: GJ 15 A b | D27: GJ 15 A | E27: 0 | F27: 2 | G27: 2 | H27: Radial Velocity | I27: 2014 | J27: W. M. Keck Observatory | K27: Published Confirmed | L27: 1 | M27: <a refstr=ROSENTHAL_ET_AL__2021 href=https://ui.adsabs.harvard.edu/abs/2021ApJS..255....8R/abstract target=ref>Rosenthal et al. 2021</a> | N27: 11.4432 | O27: 0.0012 | P27: -0.0012 | Q27: 0 | R27: 0.0732 | S27: 0.00047 | T27: -0.00048 | U27: 0 | AD27: 5.4348658 | AE27: 0.41317693 | AF27: -0.41317693 | AG27: 0 | AH27: 0.0171 | AI27: 0.0013 | AJ27: -0.0013 | AK27: 0 | AL27: Msini | AM27: 0.075 | AN27: 0.072 | AO27: -0.052 | AP27: 0 | AY27: 0 | AZ27: <a refstr=ROSENTHAL_ET_AL__2021 href=https://ui.adsabs.harvard.edu/abs/2021ApJS..255....8R/abstract target=ref>Rosenthal et al. 2021</a> | BB27: 3742.67 | BC27: 30.19 | BD27: -30.19 | BE27: 0 | BF27: 0.375411 | BG27: 0.006775 | BH27: -0.006775 | BI27: 0 | BJ27: 0.399648 | BK27: 0.007784 | BL27: -0.007784 | BM27: 0 | BN27: -0.3911 | BO27: 0.0872 | BP27: -0.0872 | BQ27: 0 | BR27: [Fe/H] | BS27: 4.888422 | BT27: 0.009331 | BU27: -0.009331 | BV27: 0 | BW27: <a refstr=STASSUN_ET_AL__2019 href=https://ui.adsabs.harvard.edu/abs/2019AJ....158..138S/abstract target=ref>TICv8</a> | BX27: 00h18m27.04s | BY27: 4.6126677 | BZ27: +44d01m29.03s | CA27: 44.02473 | CB27: 3.56228 | CC27: 0.00055 | CD27: -0.00055 | CE27: 8.09 | CF27: 0.1 | CG27: -0.1 | CH27: 4.018 | CI27: 0.02 | CJ27: -0.02 | CK27: 7.2162 | CL27: 0.000507 | CM27: -0.000507 | CN27: 2021-09-20 | CO27: 2021-07 | CP27: 2021-09-20
A28: 1472 | B28: 1 | C28: GJ 15 A b | D28: GJ 15 A | E28: 1 | F28: 2 | G28: 2 | H28: Radial Velocity | I28: 2014 | J28: W. M. Keck Observatory | K28: Published Confirmed | L28: 1 | M28: <a refstr=PINAMONTI_ET_AL__2018 href=https://ui.adsabs.harvard.edu/abs/2018A&A...617A.104P/abstract target=ref>Pinamonti et al. 2018</a> | N28: 11.4407 | O28: 0.0017 | P28: -0.0016 | Q28: 0 | R28: 0.072 | S28: 0.003 | T28: -0.004 | U28: 0 | AD28: 3.03 | AE28: 0.46 | AF28: -0.44 | AG28: 0 | AH28: 0.0095334 | AI28: 0.00144731 | AJ28: -0.00138439 | AK28: 0 | AL28: Msini | AM28: 0.094 | AN28: 0.091 | AO28: -0.065 | AP28: 0 | AY28: 0 | AZ28: <a refstr=PINAMONTI_ET_AL__2018 href=https://ui.adsabs.harvard.edu/abs/2018A&A...617A.104P/abstract target=ref>Pinamonti et al. 2018</a> | BA28: M1 | BB28: 3607 | BC28: 68 | BD28: -68 | BE28: 0 | BF28: 0.38 | BG28: 0.05 | BH28: -0.05 | BI28: 0 | BJ28: 0.38 | BK28: 0.05 | BL28: -0.05 | BM28: 0 | BN28: -0.34 | BO28: 0.09 | BP28: -0.09 | BQ28: 0 | BR28: [Fe/H] | BS28: 4.87 | BT28: 0.04 | BU28: -0.04 | BV28: 0 | BW28: <a refstr=STASSUN_ET_AL__2019 href=https://ui.adsabs.harvard.edu/abs/2019AJ....158..138S/abstract target=ref>TICv8</a> | BX28: 00h18m27.04s | BY28: 4.6126677 | BZ28: +44d01m29.03s | CA28: 44.02473 | CB28: 3.56228 | CC28: 0.00055 | CD28: -0.00055 | CE28: 8.09 | CF28: 0.1 | CG28: -0.1 | CH28: 4.018 | CI28: 0.02 | CJ28: -0.02 | CK28: 7.2162 | CL28: 0.000507 | CM28: -0.000507 | CN28: 2019-10-02 | CO28: 2018-09 | CP28: 2019-10-10
A29: 1472 | B29: 1 | C29: GJ 15 A c | D29: GJ 15 A | E29: 1 | F29: 2 | G29: 2 | H29: Radial Velocity | I29: 2018 | J29: Roque de los Muchachos Observatory | K29: Published Confirmed | L29: 0 | M29: <a refstr=PINAMONTI_ET_AL__2018 href=https://ui.adsabs.harvard.edu/abs/2018A&A...617A.104P/abstract target=ref>Pinamonti et al. 2018</a> | N29: 7600 | O29: 2200 | P29: -1700 | Q29: 0 | R29: 5.4 | S29: 1 | T29: -0.9 | U29: 0 | AD29: 36 | AE29: 25 | AF29: -18 | AG29: 0 | AH29: 0.1132681 | AI29: 0.0786584 | AJ29: -0.05663405 | AK29: 0 | AL29: Msini | AM29: 0.27 | AN29: 0.28 | AO29: -0.19 | AP29: 0 | AY29: 0 | AZ29: <a refstr=PINAMONTI_ET_AL__2018 href=https://ui.adsabs.harvard.edu/abs/2018A&A...617A.104P/abstract target=ref>Pinamonti et al. 2018</a> | BA29: M1 | BB29: 3607 | BC29: 68 | BD29: -68 | BE29: 0 | BF29: 0.38 | BG29: 0.05 | BH29: -0.05 | BI29: 0 | BJ29: 0.38 | BK29: 0.05 | BL29: -0.05 | BM29: 0 | BN29: -0.34 | BO29: 0.09 | BP29: -0.09 | BQ29: 0 | BR29: [Fe/H] | BS29: 4.87 | BT29: 0.04 | BU29: -0.04 | BV29: 0 | BW29: <a refstr=STASSUN_ET_AL__2019 href=https://ui.adsabs.harvard.edu/abs/2019AJ....158..138S/abstract target=ref>TICv8</a> | BX29: 00h18m27.04s | BY29: 4.6126677 | BZ29: +44d01m29.03s | CA29: 44.02473 | CB29: 3.56228 | CC29: 0.00055 | CD29: -0.00055 | CE29: 8.09 | CF29: 0.1 | CG29: -0.1 | CH29: 4.018 | CI29: 0.02 | CJ29: -0.02 | CK29: 7.2162 | CL29: 0.000507 | CM29: -0.000507 | CN29: 2019-10-02 | CO29: 2018-09 | CP29: 2019-10-10
A30: 29222 | B30: 0 | C30: GJ 229 A c | D30: GJ 229 | E30: 0 | F30: 3 | G30: 2 | H30: Radial Velocity | I30: 2020 | J30: Multiple Facilities | K30: Published Confirmed | L30: 1 | M30: <a refstr=FENG_ET_AL__2020 href=https://ui.adsabs.harvard.edu/abs/2020ApJS..246...11F/abstract target=ref>Feng et al. 2020</a> | N30: 121.995 | O30: 0.161 | P30: -0.161 | Q30: 0 | R30: 0.339 | S30: 0.011 | T30: -0.011 | U30: 0 | AD30: 7.268 | AE30: 1.256 | AF30: -1.256 | AG30: 0 | AH30: 0.02286757 | AI30: 0.0039518 | AJ30: -0.0039518 | AK30: 0 | AL30: Msini | AM30: 0.19 | AN30: 0.08 | AO30: -0.08 | AP30: 0 | AY30: 0 | AZ30: <a refstr=FENG_ET_AL__2020 href=https://ui.adsabs.harvard.edu/abs/2020ApJS..246...11F/abstract target=ref>Feng et al. 2020</a> | BJ30: 0.58 | BM30: 0 | BW30: <a refstr=STASSUN_ET_AL__2019 href=https://ui.adsabs.harvard.edu/abs/2019AJ....158..138S/abstract target=ref>TICv8</a> | BX30: 06h10m34.46s | BY30: 92.643599 | BZ30: -21d52m03.80s | CA30: -21.867723 | CB30: 5.75624 | CC30: 0.001525 | CD30: -0.001525 | CE30: 8.15 | CF30: 0.1 | CG30: -0.1 | CH30: 4.166 | CI30: 0.232 | CJ30: -0.232 | CK30: 7.30724 | CL30: 0.000617 | CM30: -0.000617 | CN30: 2020-02-06 | CO30: 2020-01 | CP30: 2020-02-13
A31: 29222 | B31: 1 | C31: GJ 229 A c | D31: GJ 229 | E31: 1 | F31: 3 | G31: 2 | H31: Radial Velocity | I31: 2020 | J31: Multiple Facilities | K31: Published Confirmed | L31: 1 | M31: <a refstr=FENG_ET_AL__2022 href=https://ui.adsabs.harvard.edu/abs/2022ApJS..262...21F/abstract target=ref>Feng et al. 2022</a> | N31: 121.93268 | O31: 0.06708 | P31: -0.08158 | Q31: 0 | R31: 0.384 | S31: 0.005 | T31: -0.005 | U31: 0 | AD31: 8.581367 | AE31: 0.63565681 | AF31: -0.63565681 | AG31: 0 | AH31: 0.027 | AI31: 0.002 | AJ31: -0.002 | AK31: 0 | AL31: Msini | AM31: 0.366 | AN31: 0.065 | AO31: -0.063 | AP31: 0 | AY31: 0 | AZ31: <a refstr=FENG_ET_AL__2022 href=https://ui.adsabs.harvard.edu/abs/2022ApJS..262...21F/abstract target=ref>Feng et al. 2022</a> | BJ31: 0.509 | BK31: 0.02 | BL31: -0.02 | BM31: 0 | BW31: <a refstr=STASSUN_ET_AL__2019 href=https://ui.adsabs.harvard.edu/abs/2019AJ....158..138S/abstract target=ref>TICv8</a> | BX31: 06h10m34.46s | BY31: 92.643599 | BZ31: -21d52m03.80s | CA31: -21.867723 | CB31: 5.75624 | CC31: 0.001525 | CD31: -0.001525 | CE31: 8.15 | CF31: 0.1 | CG31: -0.1 | CH31: 4.166 | CI31: 0.232 | CJ31: -0.232 | CK31: 7.30724 | CL31: 0.000617 | CM31: -0.000617 | CN31: 2023-06-14 | CO31: 2022-09 | CP31: 2023-06-14
A32: 29222 | B32: 1 | C32: GJ 229 b | D32: GJ 229 | E32: 1 | F32: 3 | G32: 2 | H32: Radial Velocity | I32: 2014 | J32: Multiple Observatories | K32: Published Confirmed | L32: 1 | M32: <a refstr=FENG_ET_AL__2022 href=https://ui.adsabs.harvard.edu/abs/2022ApJS..262...21F/abstract target=ref>Feng et al. 2022</a> | N32: 579.47495 | O32: 1.67942 | P32: -1.41414 | Q32: 0 | R32: 1.086 | S32: 0.015 | T32: -0.015 | U32: 0 | AD32: 14.937935 | AE32: 0.95348522 | AF32: -1.2713136 | AG32: 0 | AH32: 0.047 | AI32: 0.003 | AJ32: -0.004 | AK32: 0 | AL32: Msini | AM32: 0.404 | AN32: 0.105 | AO32: -0.124 | AP32: 0 | AY32: 0 | AZ32: <a refstr=FENG_ET_AL__2022 href=https://ui.adsabs.harvard.edu/abs/2022ApJS..262...21F/abstract target=ref>Feng et al. 2022</a> | BJ32: 0.509 | BK32: 0.02 | BL32: -0.02 | BM32: 0 | BW32: <a refstr=STASSUN_ET_AL__2019 href=https://ui.adsabs.harvard.edu/abs/2019AJ....158..138S/abstract target=ref>TICv8</a> | BX32: 06h10m34.46s | BY32: 92.643599 | BZ32: -21d52m03.80s | CA32: -21.867723 | CB32: 5.75624 | CC32: 0.001525 | CD32: -0.001525 | CE32: 8.15 | CF32: 0.1 | CG32: -0.1 | CH32: 4.166 | CI32: 0.232 | CJ32: -0.232 | CK32: 7.30724 | CL32: 0.000617 | CM32: -0.000617 | CN32: 2023-06-14 | CO32: 2022-09 | CP32: 2023-06-14
A33: 29222 | B33: 0 | C33: GJ 229 b | D33: GJ 229 | E33: 0 | F33: 3 | G33: 2 | H33: Radial Velocity | I33: 2014 | J33: Multiple Observatories | K33: Published Confirmed | L33: 1 | M33: <a refstr=TUOMI_ET_AL__2014 href=https://ui.adsabs.harvard.edu/abs/2014MNRAS.441.1545T/abstract target=ref>Tuomi et al. 2014</a> | N33: 471 | O33: 22 | P33: -12 | Q33: 0 | R33: 0.97 | S33: 0.12 | T33: -0.09 | U33: 0 | AD33: 32 | AE33: 17 | AF33: -16 | AG33: 0 | AH33: 0.10068275 | AI33: 0.05348771 | AJ33: -0.05034138 | AK33: 0 | AL33: Msini | AM33: 0.1 | AN33: 0.22 | AO33: -0.1 | AP33: 0 | AY33: 0 | AZ33: <a refstr=TUOMI_ET_AL__2014 href=https://ui.adsabs.harvard.edu/abs/2014MNRAS.441.1545T/abstract target=ref>Tuomi et al. 2014</a> | BA33: M1/M2 V | BB33: 3564 | BE33: 0 | BJ33: 0.58 | BM33: 0 | BW33: <a refstr=STASSUN_ET_AL__2019 href=https://ui.adsabs.harvard.edu/abs/2019AJ....158..138S/abstract target=ref>TICv8</a> | BX33: 06h10m34.46s | BY33: 92.643599 | BZ33: -21d52m03.80s | CA33: -21.867723 | CB33: 5.75624 | CC33: 0.001525 | CD33: -0.001525 | CE33: 8.15 | CF33: 0.1 | CG33: -0.1 | CH33: 4.166 | CI33: 0.232 | CJ33: -0.232 | CK33: 7.30724 | CL33: 0.000617 | CM33: -0.000617 | CN33: 2020-02-07 | CO33: 2014-06 | CP33: 2019-10-10
A34: 29222 | B34: 0 | C34: GJ 229 b | D34: GJ 229 | E34: 0 | F34: 3 | G34: 2 | H34: Radial Velocity | I34: 2014 | J34: Multiple Observatories | K34: Published Confirmed | L34: 1 | M34: <a refstr=FENG_ET_AL__2020 href=https://ui.adsabs.harvard.edu/abs/2020ApJS..246...11F/abstract target=ref>Feng et al. 2020</a> | N34: 526.115 | O34: 4.3 | P34: -4.3 | Q34: 0 | R34: 0.898 | S34: 0.031 | T34: -0.031 | U34: 0 | AD34: 8.478 | AE34: 2.033 | AF34: -2.033 | AG34: 0 | AH34: 0.02667464 | AI34: 0.0063965 | AJ34: -0.0063965 | AK34: 0 | AL34: Msini | AM34: 0.1 | AN34: 0.06 | AO34: -0.06 | AP34: 0 | AY34: 0 | AZ34: <a refstr=FENG_ET_AL__2020 href=https://ui.adsabs.harvard.edu/abs/2020ApJS..246...11F/abstract target=ref>Feng et al. 2020</a> | BJ34: 0.58 | BM34: 0 | BW34: <a refstr=STASSUN_ET_AL__2019 href=https://ui.adsabs.harvard.edu/abs/2019AJ....158..138S/abstract target=ref>TICv8</a> | BX34: 06h10m34.46s | BY34: 92.643599 | BZ34: -21d52m03.80s | CA34: -21.867723 | CB34: 5.75624 | CC34: 0.001525 | CD34: -0.001525 | CE34: 8.15 | CF34: 0.1 | CG34: -0.1 | CH34: 4.166 | CI34: 0.232 | CJ34: -0.232 | CK34: 7.30724 | CL34: 0.000617 | CM34: -0.000617 | CN34: 2020-02-07 | CO34: 2020-01 | CP34: 2020-02-13
A35: 118447 | B35: 1 | C35: GJ 251 b | D35: GJ 251 | E35: 1 | F35: 1 | G35: 2 | H35: Radial Velocity | I35: 2020 | J35: W. M. Keck Observatory | K35: Published Confirmed | L35: 0 | M35: <a refstr=BEARD_ET_AL__2025 href=https://ui.adsabs.harvard.edu/abs/2025AJ....170..279B/abstract target=ref>Beard et al. 2025</a> | N35: 14.237 | O35: 0.0015 | P35: -0.0015 | Q35: 0 | R35: 0.0808 | S35: 0.0042 | T35: -0.0042 | U35: 0 | AD35: 3.85 | AE35: 0.35 | AF35: -0.33 | AG35: 0 | AH35: 0.01211345 | AI35: 0.00110122 | AJ35: -0.0010383 | AK35: 0 | AL35: Msini | AM35: 0 | AP35: 0 | AQ35: 2.37 | AR35: 0.26 | AS35: -0.26 | AT35: 0 | AU35: 336 | AV35: 1 | AW35: -1 | AX35: 0 | AY35: 0 | AZ35: <a refstr=BEARD_ET_AL__2025 href=https://ui.adsabs.harvard.edu/abs/2025AJ....170..279B/abstract target=ref>Beard et al. 2025</a> | BB35: 3342 | BC35: 24 | BD35: -24 | BE35: 0 | BF35: 0.36 | BG35: 0.01 | BH35: -0.01 | BI35: 0 | BJ35: 0.35 | BK35: 0.05 | BL35: -0.04 | BM35: 0 | BN35: 0.07 | BO35: 0.07 | BP35: -0.06 | BQ35: 0 | BR35: [Fe/H] | BS35: 4.87 | BT35: 0.05 | BU35: -0.05 | BV35: 0 | BW35: <a refstr=STASSUN_ET_AL__2019 href=https://ui.adsabs.harvard.edu/abs/2019AJ....158..138S/abstract target=ref>TICv8</a> | BX35: 06h54m48.06s | BY35: 103.70025 | BZ35: +33d15m59.27s | CA35: 33.266463 | CB35: 5.58057 | CC35: 0.00198 | CD35: -0.00198 | CE35: 9.89 | CF35: 0.1 | CG35: -0.1 | CH35: 5.275 | CI35: 0.023 | CJ35: -0.023 | CK35: 8.85518 | CL35: 0.001134 | CM35: -0.001134 | CN35: 2025-10-30 | CO35: 2025-11 | CP35: 2025-10-30
A36: 118447 | B36: 0 | C36: GJ 251 b | D36: GJ 251 | E36: 0 | F36: 1 | G36: 2 | H36: Radial Velocity | I36: 2020 | J36: W. M. Keck Observatory | K36: Published Confirmed | L36: 0 | M36: <a refstr=STOCK_ET_AL__2020 href=https://ui.adsabs.harvard.edu/abs/2020A&A...643A.112S/abstract target=ref>Stock et al. 2020</a> | N36: 14.238 | O36: 0.002 | P36: -0.002 | Q36: 0 | R36: 0.0818 | S36: 0.0011 | T36: -0.0012 | U36: 0 | AD36: 4 | AE36: 0.4 | AF36: -0.4 | AG36: 0 | AH36: 0.01258534 | AI36: 0.00125853 | AJ36: -0.00125853 | AK36: 0 | AL36: Msini | AM36: 0.1 | AN36: 0.09 | AO36: -0.07 | AP36: 0 | AQ36: 2.53 | AR36: 0.04 | AS36: -0.04 | AT36: 0 | AU36: 351 | AV36: 1.4 | AW36: -1.3 | AX36: 0 | AY36: 0 | AZ36: <a refstr=STOCK_ET_AL__2020 href=https://ui.adsabs.harvard.edu/abs/2020A&A...643A.112S/abstract target=ref>Stock et al. 2020</a> | BA36: M3.0 V | BB36: 3451 | BC36: 51 | BD36: -51 | BE36: 0 | BF36: 0.364 | BG36: 0.011 | BH36: -0.011 | BI36: 0 | BJ36: 0.36 | BK36: 0.015 | BL36: -0.015 | BM36: 0 | BN36: -0.03 | BO36: 0.16 | BP36: -0.16 | BQ36: 0 | BR36: [Fe/H] | BS36: 4.96 | BT36: 0.07 | BU36: -0.07 | BV36: 0 | BW36: <a refstr=STASSUN_ET_AL__2019 href=https://ui.adsabs.harvard.edu/abs/2019AJ....158..138S/abstract target=ref>TICv8</a> | BX36: 06h54m48.06s | BY36: 103.70025 | BZ36: +33d15m59.27s | CA36: 33.266463 | CB36: 5.58057 | CC36: 0.00198 | CD36: -0.00198 | CE36: 9.89 | CF36: 0.1 | CG36: -0.1 | CH36: 5.275 | CI36: 0.023 | CJ36: -0.023 | CK36: 8.85518 | CL36: 0.001134 | CM36: -0.001134 | CN36: 2021-02-26 | CO36: 2020-11 | CP36: 2021-03-04
A37: 118447 | B37: 1 | C37: GJ 251 c | D37: GJ 251 | E37: 1 | F37: 1 | G37: 2 | H37: Radial Velocity | I37: 2025 | J37: Multiple Observatories | K37: Published Confirmed | L37: 0 | M37: <a refstr=BEARD_ET_AL__2025 href=https://ui.adsabs.harvard.edu/abs/2025AJ....170..279B/abstract target=ref>Beard et al. 2025</a> | N37: 53.647 | O37: 0.044 | P37: -0.044 | Q37: 0 | R37: 0.196 | S37: 0.014 | T37: -0.014 | U37: 0 | AD37: 3.88 | AE37: 0.79 | AF37: -0.79 | AG37: 0 | AH37: 0.01220785 | AI37: 0.00248562 | AJ37: -0.00248562 | AK37: 0 | AL37: Msini | AM37: 0 | AP37: 0 | AQ37: 0.404 | AR37: 0.059 | AS37: -0.059 | AT37: 0 | AU37: 216 | AV37: 0.8 | AW37: -0.8 | AX37: 0 | AY37: 0 | AZ37: <a refstr=BEARD_ET_AL__2025 href=https://ui.adsabs.harvard.edu/abs/2025AJ....170..279B/abstract target=ref>Beard et al. 2025</a> | BB37: 3342 | BC37: 24 | BD37: -24 | BE37: 0 | BF37: 0.36 | BG37: 0.01 | BH37: -0.01 | BI37: 0 | BJ37: 0.35 | BK37: 0.05 | BL37: -0.04 | BM37: 0 | BN37: 0.07 | BO37: 0.07 | BP37: -0.06 | BQ37: 0 | BR37: [Fe/H] | BS37: 4.87 | BT37: 0.05 | BU37: -0.05 | BV37: 0 | BW37: <a refstr=STASSUN_ET_AL__2019 href=https://ui.adsabs.harvard.edu/abs/2019AJ....158..138S/abstract target=ref>TICv8</a> | BX37: 06h54m48.06s | BY37: 103.70025 | BZ37: +33d15m59.27s | CA37: 33.266463 | CB37: 5.58057 | CC37: 0.00198 | CD37: -0.00198 | CE37: 9.89 | CF37: 0.1 | CG37: -0.1 | CH37: 5.275 | CI37: 0.023 | CJ37: -0.023 | CK37: 8.85518 | CL37: 0.001134 | CM37: -0.001134 | CN37: 2025-10-30 | CO37: 2025-11 | CP37: 2025-10-30
A38: 36107 | B38: 1 | C38: GJ 273 b | D38: GJ 273 | E38: 1 | F38: 1 | G38: 2 | H38: Radial Velocity | I38: 2017 | J38: La Silla Observatory | K38: Published Confirmed | L38: 0 | M38: <a refstr=ASTUDILLO_DEFRU_ET_AL__2017 href=https://ui.adsabs.harvard.edu/abs/2017A&A...602A..88A/abstract target=ref>Astudillo-Defru et al. 2017</a> | N38: 18.6498 | O38: 0.0059 | P38: -0.0052 | Q38: 0 | R38: 0.091101 | S38: 1.9e-05 | T38: -1.7e-05 | U38: 0 | AD38: 2.89 | AE38: 0.27 | AF38: -0.26 | AG38: 0 | AH38: 0.00909291 | AI38: 0.00084951 | AJ38: -0.00081805 | AK38: 0 | AL38: Msini | AM38: 0.1 | AN38: 0.09 | AO38: -0.07 | AP38: 0 | AQ38: 1.06 | AT38: 0 | AY38: 0 | AZ38: <a refstr=ASTUDILLO_DEFRU_ET_AL__2017 href=https://ui.adsabs.harvard.edu/abs/2017A&A...602A..88A/abstract target=ref>Astudillo-Defru et al. 2017</a> | BA38: M3.5 | BB38: 3382 | BC38: 49 | BD38: -49 | BE38: 0 | BF38: 0.293 | BG38: 0.027 | BH38: -0.027 | BI38: 0 | BJ38: 0.29 | BM38: 0 | BN38: 0.09 | BO38: 0.17 | BP38: -0.17 | BQ38: 0 | BR38: [Fe/H] | BW38: <a refstr=STASSUN_ET_AL__2019 href=https://ui.adsabs.harvard.edu/abs/2019AJ....158..138S/abstract target=ref>TICv8</a> | BX38: 07h27m24.50s | BY38: 111.85209 | BZ38: +05d13m32.91s | CA38: 5.225807 | CB38: 5.921535 | CC38: 0.0206332 | CD38: -0.0206332 | CE38: 9.84 | CF38: 0.1 | CG38: -0.1 | CH38: 4.857 | CI38: 0.023 | CJ38: -0.023 | CN38: 2017-03-29 | CO38: 2017-06 | CP38: 2017-03-30
A39: 36107 | B39: 1 | C39: GJ 273 c | D39: GJ 273 | E39: 1 | F39: 1 | G39: 2 | H39: Radial Velocity | I39: 2017 | J39: La Silla Observatory | K39: Published Confirmed | L39: 0 | M39: <a refstr=ASTUDILLO_DEFRU_ET_AL__2017 href=https://ui.adsabs.harvard.edu/abs/2017A&A...602A..88A/abstract target=ref>Astudillo-Defru et al. 2017</a> | N39: 4.7234 | O39: 0.0004 | P39: -0.0004 | Q39: 0 | R39: 0.036467 | S39: 2e-06 | T39: -2e-06 | U39: 0 | AD39: 1.18 | AE39: 0.16 | AF39: -0.16 | AG39: 0 | AH39: 0.00371268 | AI39: 0.00050341 | AJ39: -0.00050341 | AK39: 0 | AL39: Msini | AM39: 0.17 | AN39: 0.13 | AO39: -0.12 | AP39: 0 | AQ39: 6.66 | AT39: 0 | AY39: 0 | AZ39: <a refstr=ASTUDILLO_DEFRU_ET_AL__2017 href=https://ui.adsabs.harvard.edu/abs/2017A&A...602A..88A/abstract target=ref>Astudillo-Defru et al. 2017</a> | BA39: M3.5 | BB39: 3382 | BC39: 49 | BD39: -49 | BE39: 0 | BF39: 0.293 | BG39: 0.027 | BH39: -0.027 | BI39: 0 | BJ39: 0.29 | BM39: 0 | BN39: 0.09 | BO39: 0.17 | BP39: -0.17 | BQ39: 0 | BR39: [Fe/H] | BW39: <a refstr=STASSUN_ET_AL__2019 href=https://ui.adsabs.harvard.edu/abs/2019AJ....158..138S/abstract target=ref>TICv8</a> | BX39: 07h27m24.50s | BY39: 111.85209 | BZ39: +05d13m32.91s | CA39: 5.225807 | CB39: 5.921535 | CC39: 0.0206332 | CD39: -0.0206332 | CE39: 9.84 | CF39: 0.1 | CG39: -0.1 | CH39: 4.857 | CI39: 0.023 | CJ39: -0.023 | CN39: 2017-03-29 | CO39: 2017-06 | CP39: 2017-03-30
A40: 118344 | B40: 1 | C40: GJ 3323 b | D40: GJ 3323 | E40: 1 | F40: 1 | G40: 2 | H40: Radial Velocity | I40: 2017 | J40: La Silla Observatory | K40: Published Confirmed | L40: 0 | M40: <a refstr=ASTUDILLO_DEFRU_ET_AL__2017 href=https://ui.adsabs.harvard.edu/abs/2017A&A...602A..88A/abstract target=ref>Astudillo-Defru et al. 2017</a> | N40: 5.3636 | O40: 0.0007 | P40: -0.0007 | Q40: 0 | R40: 0.03282 | S40: 0.00054 | T40: -0.00056 | U40: 0 | AD40: 2.02 | AE40: 0.26 | AF40: -0.25 | AG40: 0 | AH40: 0.0063556 | AI40: 0.00081805 | AJ40: -0.00078658 | AK40: 0 | AL40: Msini | AM40: 0.23 | AN40: 0.11 | AO40: -0.11 | AP40: 0 | AQ40: 2.58 | AT40: 0 | AY40: 0 | AZ40: <a refstr=ASTUDILLO_DEFRU_ET_AL__2017 href=https://ui.adsabs.harvard.edu/abs/2017A&A...602A..88A/abstract target=ref>Astudillo-Defru et al. 2017</a> | BA40: M4 | BB40: 3159 | BC40: 49 | BD40: -49 | BE40: 0 | BF40: 0.119 | BG40: 0.027 | BH40: -0.027 | BI40: 0 | BJ40: 0.164 | BM40: 0 | BN40: -0.27 | BO40: 0.09 | BP40: -0.09 | BQ40: 0 | BR40: [Fe/H] | BW40: <a refstr=STASSUN_ET_AL__2019 href=https://ui.adsabs.harvard.edu/abs/2019AJ....158..138S/abstract target=ref>TICv8</a> | BX40: 05h01m56.85s | BY40: 75.486882 | BZ40: -06d56m54.65s | CA40: -6.9485133 | CB40: 5.37484 | CC40: 0.00172 | CD40: -0.00172 | CE40: 12.57 | CF40: 0.2 | CG40: -0.2 | CH40: 6.736 | CI40: 0.024 | CJ40: -0.024 | CK40: 10.6467 | CL40: 0.000647 | CM40: -0.000647 | CN40: 2017-03-29 | CO40: 2017-06 | CP40: 2017-03-30
A41: 118344 | B41: 1 | C41: GJ 3323 c | D41: GJ 3323 | E41: 1 | F41: 1 | G41: 2 | H41: Radial Velocity | I41: 2017 | J41: La Silla Observatory | K41: Published Confirmed | L41: 0 | M41: <a refstr=ASTUDILLO_DEFRU_ET_AL__2017 href=https://ui.adsabs.harvard.edu/abs/2017A&A...602A..88A/abstract target=ref>Astudillo-Defru et al. 2017</a> | N41: 40.54 | O41: 0.21 | P41: -0.19 | Q41: 0 | R41: 0.1264 | S41: 0.0021 | T41: -0.0022 | U41: 0 | AD41: 2.31 | AE41: 0.5 | AF41: -0.49 | AG41: 0 | AH41: 0.00726804 | AI41: 0.00157317 | AJ41: -0.0015417 | AK41: 0 | AL41: Msini | AM41: 0.17 | AN41: 0.21 | AO41: -0.12 | AP41: 0 | AQ41: 0.17 | AT41: 0 | AY41: 0 | AZ41: <a refstr=ASTUDILLO_DEFRU_ET_AL__2017 href=https://ui.adsabs.harvard.edu/abs/2017A&A...602A..88A/abstract target=ref>Astudillo-Defru et al. 2017</a> | BA41: M4 | BB41: 3159 | BC41: 49 | BD41: -49 | BE41: 0 | BF41: 0.119 | BG41: 0.027 | BH41: -0.027 | BI41: 0 | BJ41: 0.164 | BM41: 0 | BN41: -0.27 | BO41: 0.09 | BP41: -0.09 | BQ41: 0 | BR41: [Fe/H] | BW41: <a refstr=STASSUN_ET_AL__2019 href=https://ui.adsabs.harvard.edu/abs/2019AJ....158..138S/abstract target=ref>TICv8</a> | BX41: 05h01m56.85s | BY41: 75.486882 | BZ41: -06d56m54.65s | CA41: -6.9485133 | CB41: 5.37484 | CC41: 0.00172 | CD41: -0.00172 | CE41: 12.57 | CF41: 0.2 | CG41: -0.2 | CH41: 6.736 | CI41: 0.024 | CJ41: -0.024 | CK41: 10.6467 | CL41: 0.000647 | CM41: -0.000647 | CN41: 2017-03-29 | CO41: 2017-06 | CP41: 2017-03-30
A42: 118405 | B42: 0 | C42: GJ 3378 b | D42: GJ 3378 | E42: 0 | F42: 1 | G42: 1 | H42: Radial Velocity | I42: 2026 | J42: Mauna Kea Observatory | K42: Published Candidate | L42: 0 | M42: <a refstr=MOUTOU_ET_AL__2024 href=https://ui.adsabs.harvard.edu/abs/2024A&A...688A.196M/abstract target=ref>Moutou et al. 2024</a> | N42: 24.728 | O42: 0.056 | P42: -0.06 | Q42: 0 | R42: 0.106 | S42: 0.003 | T42: -0.003 | U42: 0 | AD42: 5.26 | AE42: 0.94 | AF42: -0.97 | AG42: 0 | AH42: 0.01654981 | AI42: 0.00295757 | AJ42: -0.00305196 | AK42: 0 | AL42: Msini | AM42: 0.36 | AN42: 0.13 | AO42: -0.16 | AP42: 0 | AU42: 260 | AX42: 0 | AY42: 0 | AZ42: <a refstr=MOUTOU_ET_AL__2024 href=https://ui.adsabs.harvard.edu/abs/2024A&A...688A.196M/abstract target=ref>Moutou et al. 2024</a> | BA42: M4 V | BB42: 3378 | BC42: 30 | BD42: -30 | BE42: 0 | BJ42: 0.26 | BK42: 0.02 | BL42: -0.02 | BM42: 0 | BN42: -0.05 | BO42: 0.1 | BP42: -0.1 | BQ42: 0 | BR42: [Fe/H] | BW42: <a refstr=STASSUN_ET_AL__2019 href=https://ui.adsabs.harvard.edu/abs/2019AJ....158..138S/abstract target=ref>TICv8</a> | BX42: 06h01m10.83s | BY42: 90.29513 | BZ42: +59d35m35.49s | CA42: 59.593192 | CB42: 7.72274 | CC42: 0.0048 | CD42: -0.0048 | CE42: 12.37 | CF42: 0.2 | CG42: -0.2 | CH42: 6.639 | CI42: 0.018 | CJ42: -0.018 | CK42: 10.4084 | CL42: 0.000718 | CM42: -0.000718 | CN42: 2026-06-04 | CO42: 2024-08 | CP42: 2026-06-04
A43: 118405 | B43: 1 | C43: GJ 3378 b | D43: GJ 3378 | E43: 1 | F43: 1 | G43: 1 | H43: Radial Velocity | I43: 2026 | J43: Mauna Kea Observatory | K43: Published Confirmed | L43: 0 | M43: <a refstr=ROBERTSON_ET_AL_2026 href=https://ui.adsabs.harvard.edu/abs/2026ApJ..1005...32R/abstract target=ref>Robertson et al. 2026</a> | N43: 21.45 | O43: 0.01 | P43: -0.01 | Q43: 0 | R43: 0.09673 | S43: 0.0008 | T43: -0.0008 | U43: 0 | AD43: 2.3 | AE43: 0.4 | AF43: -0.4 | AG43: 0 | AH43: 0.00723661 | AI43: 0.00125854 | AJ43: -0.00125854 | AK43: 0 | AL43: Msini | AM43: 0 | AP43: 0 | AQ43: 0.91 | AR43: 0.09 | AS43: -0.09 | AT43: 0 | AU43: 272 | AV43: 7 | AW43: -7 | AX43: 0 | AY43: 0 | AZ43: <a refstr=ROBERTSON_ET_AL_2026 href=https://ui.adsabs.harvard.edu/abs/2026ApJ..1005...32R/abstract target=ref>Robertson et al. 2026</a> | BA43: M4 V | BB43: 3340 | BC43: 60 | BD43: -60 | BE43: 0 | BF43: 0.275 | BG43: 0.009 | BH43: -0.009 | BI43: 0 | BJ43: 0.262 | BK43: 0.021 | BL43: -0.021 | BM43: 0 | BN43: -0.09 | BO43: 0.08 | BP43: -0.08 | BQ43: 0 | BR43: [Fe/H] | BS43: 4.97 | BT43: 0.06 | BU43: -0.06 | BV43: 0 | BW43: <a refstr=STASSUN_ET_AL__2019 href=https://ui.adsabs.harvard.edu/abs/2019AJ....158..138S/abstract target=ref>TICv8</a> | BX43: 06h01m10.83s | BY43: 90.29513 | BZ43: +59d35m35.49s | CA43: 59.593192 | CB43: 7.72274 | CC43: 0.0048 | CD43: -0.0048 | CE43: 12.37 | CF43: 0.2 | CG43: -0.2 | CH43: 6.639 | CI43: 0.018 | CJ43: -0.018 | CK43: 10.4084 | CL43: 0.000718 | CM43: -0.000718 | CN43: 2026-06-04 | CO43: 2026-07 | CP43: 2026-06-04
A44: 45214 | B44: 1 | C44: GJ 338 B b | D44: GJ 338 B | E44: 1 | F44: 2 | G44: 1 | H44: Radial Velocity | I44: 2020 | J44: Calar Alto Observatory | K44: Published Confirmed | L44: 0 | M44: <a refstr=DITOMASSO_ET_AL_2023 href=https://ui.adsabs.harvard.edu/abs/2023AJ....165...38D/abstract target=ref>DiTomasso et al. 2023</a> | N44: 24.422 | O44: 0.014 | P44: -0.014 | Q44: 0 | R44: 0.142 | S44: 0.005 | T44: -0.005 | U44: 0 | AD44: 10.6 | AE44: 1.2 | AF44: -1.2 | AG44: 0 | AH44: 0.03335133 | AI44: 0.00377562 | AJ44: -0.00377562 | AK44: 0 | AL44: Msini | AM44: 0.109 | AN44: 0.1 | AO44: -0.075 | AP44: 0 | AY44: 0 | AZ44: <a refstr=DITOMASSO_ET_AL_2023 href=https://ui.adsabs.harvard.edu/abs/2023AJ....165...38D/abstract target=ref>DiTomasso et al. 2023</a> | BA44: M0 V | BB44: 4014 | BC44: 100 | BD44: -100 | BE44: 0 | BF44: 0.58 | BG44: 0.03 | BH44: -0.03 | BI44: 0 | BJ44: 0.64 | BK44: 0.07 | BL44: -0.07 | BM44: 0 | BN44: -0.03 | BO44: 0.16 | BP44: -0.16 | BQ44: 0 | BR44: [Fe/H] | BS44: 4.68 | BT44: 0.07 | BU44: -0.07 | BV44: 0 | BW44: <a refstr=STASSUN_ET_AL__2019 href=https://ui.adsabs.harvard.edu/abs/2019AJ....158..138S/abstract target=ref>TICv8</a> | BX44: 09h14m22.00s | BY44: 138.59167 | BZ44: +52d41m00.68s | CA44: 52.683521 | CB44: 6.33256 | CC44: 0.00167 | CD44: -0.00168 | CE44: 7.7 | CF44: 0.1 | CG44: -0.1 | CH44: 4.136 | CI44: 0.02 | CJ44: -0.02 | CK44: 7.04775 | CL44: 0.00044 | CM44: -0.00044 | CN44: 2023-01-18 | CO44: 2023-02 | CP44: 2023-01-18
A45: 45214 | B45: 0 | C45: GJ 338 B b | D45: GJ 338 B | E45: 0 | F45: 2 | G45: 1 | H45: Radial Velocity | I45: 2020 | J45: Calar Alto Observatory | K45: Published Confirmed | L45: 0 | M45: <a refstr=GONZ_AACUTE_LEZ__AACUTE_LVAREZ_ET_AL__2020 href=https://ui.adsabs.harvard.edu/abs/2020A&A...637A..93G/abstract target=ref>Gonz&aacute;lez-&Aacute;lvarez et al. 2020</a> | N45: 24.45 | O45: 0.02 | P45: -0.02 | Q45: 0 | R45: 0.141 | S45: 0.005 | T45: -0.005 | U45: 0 | AD45: 10.27 | AE45: 1.47 | AF45: -1.38 | AG45: 0 | AH45: 0.03231287 | AI45: 0.00462511 | AJ45: -0.00434194 | AK45: 0 | AL45: Msini | AM45: 0.11 | AN45: 0.11 | AO45: -0.08 | AP45: 0 | AU45: 391 | AV45: 20 | AW45: -20 | AX45: 0 | AY45: 0 | AZ45: <a refstr=GONZ_AACUTE_LEZ__AACUTE_LVAREZ_ET_AL__2020 href=https://ui.adsabs.harvard.edu/abs/2020A&A...637A..93G/abstract target=ref>Gonz&aacute;lez-&Aacute;lvarez et al. 2020</a> | BA45: M0.0 V | BB45: 4005 | BC45: 51 | BD45: -51 | BE45: 0 | BF45: 0.58 | BG45: 0.03 | BH45: -0.03 | BI45: 0 | BJ45: 0.64 | BK45: 0.07 | BL45: -0.07 | BM45: 0 | BN45: -0.03 | BO45: 0.16 | BP45: -0.16 | BQ45: 0 | BR45: [Fe/H] | BS45: 4.68 | BT45: 0.07 | BU45: -0.07 | BV45: 0 | BW45: <a refstr=STASSUN_ET_AL__2019 href=https://ui.adsabs.harvard.edu/abs/2019AJ....158..138S/abstract target=ref>TICv8</a> | BX45: 09h14m22.00s | BY45: 138.59167 | BZ45: +52d41m00.68s | CA45: 52.683521 | CB45: 6.33256 | CC45: 0.00167 | CD45: -0.00168 | CE45: 7.7 | CF45: 0.1 | CG45: -0.1 | CH45: 4.136 | CI45: 0.02 | CJ45: -0.02 | CK45: 7.04775 | CL45: 0.00044 | CM45: -0.00044 | CN45: 2020-07-02 | CO45: 2020-05 | CP45: 2020-07-09
A46: 46970 | B46: 0 | C46: GJ 357 b | D46: GJ 357 | E46: 0 | F46: 1 | G46: 3 | H46: Transit | I46: 2019 | J46: Transiting Exoplanet Survey Satellite (TESS) | K46: Published Confirmed | L46: 0 | M46: <a refstr=KOKORI_ET_AL__2023 href=https://ui.adsabs.harvard.edu/abs/2023ApJS..265....4K/abstract target=ref>Kokori et al. 2023</a> | N46: 3.930623 | O46: 1e-05 | P46: -1e-05 | Q46: 0 | AY46: 0 | AZ46: <a refstr=LUQUE_ET_AL__2019 href=https://ui.adsabs.harvard.edu/abs/2019A&A...628A..39L/abstract target=ref>Luque et al. 2019</a> | BA46: M2.5 V | BB46: 3505 | BC46: 51 | BD46: -51 | BE46: 0 | BF46: 0.337 | BG46: 0.015 | BH46: -0.015 | BI46: 0 | BJ46: 0.342 | BK46: 0.011 | BL46: -0.011 | BM46: 0 | BN46: -0.12 | BO46: 0.16 | BP46: -0.16 | BQ46: 0 | BR46: [Fe/H] | BS46: 4.94 | BT46: 0.07 | BU46: -0.07 | BV46: 0 | BW46: <a refstr=STASSUN_ET_AL__2019 href=https://ui.adsabs.harvard.edu/abs/2019AJ....158..138S/abstract target=ref>TICv8</a> | BX46: 09h36m01.79s | BY46: 144.00746 | BZ46: -21d39m54.23s | CA46: -21.665063 | CB46: 9.44181 | CC46: 0.00511 | CD46: -0.00511 | CE46: 10.91 | CF46: 0.1 | CG46: -0.1 | CH46: 6.475 | CI46: 0.017 | CJ46: -0.017 | CK46: 9.88036 | CL46: 0.00144 | CM46: -0.00144 | CN46: 2024-03-04 | CO46: 2023-03 | CP46: 2024-03-04
A47: 46970 | B47: 1 | C47: GJ 357 b | D47: GJ 357 | E47: 1 | F47: 1 | G47: 3 | H47: Transit | I47: 2019 | J47: Transiting Exoplanet Survey Satellite (TESS) | K47: Published Confirmed | L47: 0 | M47: <a refstr=ODDO_ET_AL__2023 href=https://ui.adsabs.harvard.edu/abs/2023AJ....165..134O/abstract target=ref>Oddo et al. 2023</a> | N47: 3.9306 | O47: 2e-06 | P47: -2e-06 | Q47: 0 | R47: 0.036 | S47: 0.0004 | T47: -0.0004 | U47: 0 | V47: 1.2 | W47: 0.06 | X47: -0.06 | Y47: 0 | Z47: 0.10705701 | AA47: 0.00535285 | AB47: -0.00535285 | AC47: 0 | AU47: 518 | AV47: 44 | AW47: -44 | AX47: 0 | AY47: 0 | AZ47: <a refstr=ODDO_ET_AL__2023 href=https://ui.adsabs.harvard.edu/abs/2023AJ....165..134O/abstract target=ref>Oddo et al. 2023</a> | BA47: M2.5 V | BB47: 3505 | BC47: 51 | BD47: -51 | BE47: 0 | BF47: 0.337 | BG47: 0.015 | BH47: -0.015 | BI47: 0 | BJ47: 0.342 | BK47: 0.011 | BL47: -0.011 | BM47: 0 | BN47: -0.12 | BO47: 0.16 | BP47: -0.16 | BQ47: 0 | BR47: [Fe/H] | BS47: 4.94 | BT47: 0.07 | BU47: -0.07 | BV47: 0 | BW47: <a refstr=STASSUN_ET_AL__2019 href=https://ui.adsabs.harvard.edu/abs/2019AJ....158..138S/abstract target=ref>TICv8</a> | BX47: 09h36m01.79s | BY47: 144.00746 | BZ47: -21d39m54.23s | CA47: -21.665063 | CB47: 9.44181 | CC47: 0.00511 | CD47: -0.00511 | CE47: 10.91 | CF47: 0.1 | CG47: -0.1 | CH47: 6.475 | CI47: 0.017 | CJ47: -0.017 | CK47: 9.88036 | CL47: 0.00144 | CM47: -0.00144 | CN47: 2023-08-22 | CO47: 2023-03 | CP47: 2023-08-22
A48: 46970 | B48: 0 | C48: GJ 357 b | D48: GJ 357 | E48: 0 | F48: 1 | G48: 3 | H48: Transit | I48: 2019 | J48: Transiting Exoplanet Survey Satellite (TESS) | K48: TESS Project Candidate | L48: 0 | M48: <a refstr=EXOFOP href=https://exofop.ipac.caltech.edu/tess/view_toi.php target=ref>ExoFOP</a> | N48: 3.9306027 | O48: 3e-06 | P48: -3e-06 | Q48: 0 | V48: 1.26995 | W48: 0.0506095 | X48: -0.0506095 | Y48: 0 | Z48: 0.11329755 | AA48: 0.00451508 | AB48: -0.00451508 | AC48: 0 | AQ48: 16.4901 | AT48: 0 | AU48: 561 | AX48: 0 | AY48: 0 | AZ48: <a refstr=EXOFOP href=https://exofop.ipac.caltech.edu/tess/view_toi.php target=ref>ExoFOP</a> | BB48: 3505 | BC48: 90 | BD48: -90 | BE48: 0 | BF48: 0.36 | BG48: 0.01 | BH48: -0.01 | BI48: 0 | BS48: 4.90573 | BT48: 0.061793 | BU48: -0.061793 | BV48: 0 | BW48: <a refstr=STASSUN_ET_AL__2019 href=https://ui.adsabs.harvard.edu/abs/2019AJ....158..138S/abstract target=ref>TICv8</a> | BX48: 09h36m01.79s | BY48: 144.00746 | BZ48: -21d39m54.23s | CA48: -21.665063 | CB48: 9.44181 | CC48: 0.00511 | CD48: -0.00511 | CE48: 10.91 | CF48: 0.1 | CG48: -0.1 | CH48: 6.475 | CI48: 0.017 | CJ48: -0.017 | CK48: 9.88036 | CL48: 0.00144 | CM48: -0.00144 | CN48: 2023-04-17 | CO48: 2017-07 | CP48: 2023-04-17
A49: 46970 | B49: 0 | C49: GJ 357 b | D49: GJ 357 | E49: 0 | F49: 1 | G49: 3 | H49: Transit | I49: 2019 | J49: Transiting Exoplanet Survey Satellite (TESS) | K49: Published Confirmed | L49: 0 | M49: <a refstr=LUQUE_ET_AL__2019 href=https://ui.adsabs.harvard.edu/abs/2019A&A...628A..39L/abstract target=ref>Luque et al. 2019</a> | N49: 3.93072 | O49: 8e-05 | P49: -6e-05 | Q49: 0 | R49: 0.035 | S49: 0.002 | T49: -0.002 | U49: 0 | V49: 1.217 | W49: 0.084 | X49: -0.083 | Y49: 0 | Z49: 0.10857347 | AA49: 0.00749398 | AB49: -0.00740476 | AC49: 0 | AD49: 1.84 | AE49: 0.31 | AF49: -0.31 | AG49: 0 | AH49: 0.00578926 | AI49: 0.00097536 | AJ49: -0.00097536 | AK49: 0 | AL49: Mass | AQ49: 12.6 | AR49: 1.1 | AS49: -0.8 | AT49: 0 | AU49: 525 | AV49: 11 | AW49: -9 | AX49: 0 | AY49: 0 | AZ49: <a refstr=LUQUE_ET_AL__2019 href=https://ui.adsabs.harvard.edu/abs/2019A&A...628A..39L/abstract target=ref>Luque et al. 2019</a> | BA49: M2.5 V | BB49: 3505 | BC49: 51 | BD49: -51 | BE49: 0 | BF49: 0.337 | BG49: 0.015 | BH49: -0.015 | BI49: 0 | BJ49: 0.342 | BK49: 0.011 | BL49: -0.011 | BM49: 0 | BN49: -0.12 | BO49: 0.16 | BP49: -0.16 | BQ49: 0 | BR49: [Fe/H] | BS49: 4.94 | BT49: 0.07 | BU49: -0.07 | BV49: 0 | BW49: <a refstr=STASSUN_ET_AL__2019 href=https://ui.adsabs.harvard.edu/abs/2019AJ....158..138S/abstract target=ref>TICv8</a> | BX49: 09h36m01.79s | BY49: 144.00746 | BZ49: -21d39m54.23s | CA49: -21.665063 | CB49: 9.44181 | CC49: 0.00511 | CD49: -0.00511 | CE49: 10.91 | CF49: 0.1 | CG49: -0.1 | CH49: 6.475 | CI49: 0.017 | CJ49: -0.017 | CK49: 9.88036 | CL49: 0.00144 | CM49: -0.00144 | CN49: 2019-08-09 | CO49: 2019-08 | CP49: 2019-08-15
